Real Madrid,"{'Thibaut Courtois': ['Real Madrid', 'Chelsea FC', 'Atlético de Madrid', 'KRC Genk'], 'Andriy Lunin': ['Real Madrid', 'Zorya Lugansk', 'Dnipro Dnipropetrovsk (-2020)', 'Real Oviedo', 'CD Leganés', 'Real Valladolid CF'], 'Éder Militão': ['Real Madrid', 'São Paulo Futebol Clube', 'FC Porto'], 'Antonio Rüdiger': ['Chelsea FC', 'Real Madrid', 'VfB Stuttgart', 'AS Roma', 'Borussia Dortmund U17', 'VfB Stuttgart II', 'Borussia Dortmund U19', 'VfB Stuttgart U19', 'Chelsea FC U21', 'Roma U19'], 'David Alaba': ['Bayern Munich', 'Real Madrid', 'FC Bayern Munich II', 'FC Bayern Munich U19', 'TSG 1899 Hoffenheim', 'AKA Austria Wien U18', 'FC Bayern Munich U17', 'Young Violets Austria Wien', 'Austria Vienna'], 'Jesús Vallejo': ['Granada CF', 'Real Zaragoza', 'Real Madrid', 'Eintracht Frankfurt', 'Wolverhampton Wanderers'], 'Ferland Mendy': ['Real Madrid', 'Olympique Lyon', 'Le Havre AC', 'AC Le Havre B'], 'Fran García': ['Rayo Vallecano', 'Real Madrid Castilla', 'Real Madrid', 'Real Madrid UEFA U19'], 'Daniel Carvajal': ['Real Madrid', 'Real Madrid Castilla', 'Bayer 04 Leverkusen'], 'Lucas Vázquez': ['Real Madrid', 'Real Madrid Castilla', 'RCD Espanyol Barcelona'], 'Aurélien Tchouaméni': ['AS Monaco', 'Real Madrid', 'FC Girondins Bordeaux', 'FC Girondins Bordeaux UEFA U19'], 'Federico Valverde': ['Real Madrid', 'Real Madrid Castilla', 'Deportivo de La Coruña', 'CA Peñarol', 'Real Madrid UEFA U19'], 'Eduardo Camavinga': ['Real Madrid', 'Stade Rennais FC', 'Stade Rennais FC B'], 'Luka Modric': ['Real Madrid', 'Tottenham Hotspur', 'GNK Dinamo Zagreb'], 'Dani Ceballos': ['Real Madrid', 'Real Betis Balompié', 'Arsenal FC', 'Betis Deportivo Balompié'], 'Jude Bellingham': ['Borussia Dortmund', 'Birmingham City', 'Real Madrid', 'Birmingham City U18'], 'Brahim Díaz': ['AC Milan', 'Real Madrid', 'Manchester City U21', 'Manchester City', 'Manchester City UEFA U19', 'Manchester City U18'], 'Nico Paz': ['Real Madrid Castilla', 'Real Madrid UEFA U19', 'Real Madrid'], 'Reinier': ['Borussia Dortmund', 'Frosinone Calcio', 'Girona FC', 'CR Flamengo', 'Real Madrid Castilla'], 'Vinicius Junior': ['Real Madrid', 'CR Flamengo', 'Real Madrid Castilla'], 'Rodrygo': ['Real Madrid', 'Santos FC', 'Real Madrid Castilla'], 'Arda Güler': ['Fenerbahce', 'Fenerbahce SK U19', 'Real Madrid'], 'Kylian Mbappé': ['Paris Saint-Germain', 'AS Monaco', 'AS Monaco U19', 'AS Monaco U21', 'AS Monaco UEFA U19'], 'Endrick': ['Sociedade Esportiva Palmeiras', 'SE Palmeiras São Paulo U20'], 'Juanmi Latasa': ['Getafe CF', 'Real Madrid Castilla', 'Real Madrid UEFA U19', 'Real Madrid']}"
FC Barcelona,"{'Marc-André ter Stegen': ['FC Barcelona', 'Borussia Mönchengladbach', 'Borussia Mönchengladbach U17', 'Borussia Mönchengladbach U19', 'Borussia Mönchengladbach II'], 'Iñaki Peña': ['FC Barcelona Atlètic', 'FC Barcelona', 'FC Barcelona UEFA U19', 'Galatasaray'], 'Ronald Araujo': ['FC Barcelona', 'FC Barcelona Atlètic', 'CA Boston River', 'CA Rentistas'], 'Jules Koundé': ['Sevilla FC', 'FC Barcelona', 'FC Girondins Bordeaux', 'FC Girondins Bordeaux B', 'FC Girondins Bordeaux UEFA U19'], 'Andreas Christensen': ['Chelsea FC', 'Borussia Mönchengladbach', 'FC Barcelona', 'Chelsea FC U21', 'Chelsea FC UEFA U19', 'Chelsea FC U18'], 'Pau Cubarsí': ['FC Barcelona', 'FC Barcelona Atlètic', 'FC Barcelona UEFA U19'], 'Eric García': ['FC Barcelona', 'Manchester City', 'Girona FC', 'Manchester City U18', 'Manchester City U21', 'Manchester City UEFA U19'], 'Clément Lenglet': ['FC Barcelona', 'AS Nancy-Lorraine', 'Sevilla FC', 'Tottenham Hotspur', 'Aston Villa'], 'Mikayil Faye': ['FC Barcelona Atlètic', 'NK Kustosija Zagreb', 'FC Barcelona'], 'Iñigo Martínez': ['Real Sociedad', 'Athletic Bilbao', 'Real Sociedad B', 'FC Barcelona'], 'Alejandro Balde': ['FC Barcelona', 'FC Barcelona Atlètic', 'FC Barcelona UEFA U19'], 'Álex Valle': ['Levante UD', 'FC Barcelona Atlètic', 'FC Barcelona UEFA U19', 'FC Andorra', 'FC Barcelona'], 'Héctor Fort': ['FC Barcelona Atlètic', 'FC Barcelona', 'FC Barcelona UEFA U19'], 'Julián Araujo': ['Los Angeles Galaxy', 'UD Las Palmas', 'Ventura County FC'], 'Marc Casadó': ['FC Barcelona Atlètic', 'FC Barcelona UEFA U19', 'FC Barcelona'], 'Oriol Romeu': ['Southampton FC', 'FC Barcelona Atlètic', 'FC Barcelona', 'Girona FC', 'Chelsea FC', 'VfB Stuttgart', 'Valencia CF', 'Southampton FC U21'], 'Gavi': ['FC Barcelona', 'FC Barcelona Atlètic'], 'Pedri': ['FC Barcelona', 'UD Las Palmas'], 'Frenkie de Jong': ['FC Barcelona', 'Ajax Amsterdam', 'Ajax Amsterdam U21', 'Willem II Tilburg U21', 'Willem II Tilburg', 'Willem II Tilburg U19'], 'Fermín López': ['FC Barcelona', 'Linares Deportivo', 'FC Barcelona UEFA U19', 'FC Barcelona Atlètic'], 'İlkay Gündoğan': ['Manchester City', 'Borussia Dortmund', '1.FC Nuremberg', 'FC Barcelona', 'VfL Bochum U19', 'VfL Bochum II', 'Manchester City U21', 'Borussia Dortmund II'], 'Pablo Torre': ['Racing Santander', 'Girona FC', 'FC Barcelona', 'FC Barcelona Atlètic', 'Rayo Cantabria'], 'Ferran Torres': ['FC Barcelona', 'Valencia CF', 'Manchester City', 'Valencia Mestalla'], 'Ansu Fati': ['FC Barcelona', 'Brighton & Hove Albion', 'FC Barcelona UEFA U19', 'FC Barcelona Atlètic'], 'Lamine Yamal': ['FC Barcelona', 'FC Barcelona UEFA U19', 'FC Barcelona Atlètic'], 'Raphinha': ['FC Barcelona', 'Vitória Guimarães SC', 'Leeds United', 'Sporting CP', 'Stade Rennais FC', 'Vitória Guimarães SC B', 'Leeds United U21', 'Avaí FC'], 'Vitor Roque': ['Club Athletico Paranaense', 'Cruzeiro Esporte Clube', 'FC Barcelona', 'Cruzeiro EC U20'], 'Robert Lewandowski': ['Bayern Munich', 'Borussia Dortmund', 'FC Barcelona', 'Lech Poznan', 'Znicz Pruszkow'], 'Pau Víctor': ['FC Barcelona Atlètic', 'CE Sabadell FC', 'Girona FC', 'Girona FC B', 'FC Barcelona']}"
Atlético de Madrid,"{'Jan Oblak': ['Atlético de Madrid', 'NK Olimpija Ljubljana', 'Rio Ave FC', 'SL Benfica', 'União de Leiria', 'SC Beira-Mar', 'SL Benfica B', 'SC Olhanense'], 'Horațiu Moldovan': ['FC Rapid Bucharest', 'Ripensia Timisoara', 'FC Hermannstadt', 'ACS Viitorul Pandurii Târgu Jiu', 'UTA Arad', 'Sepsi OSK Sf. Gheorghe', 'Atlético de Madrid'], 'Robin Le Normand': ['Real Sociedad', 'Real Sociedad B', 'Stade Brestois 29'], 'José María Giménez': ['Atlético de Madrid', 'Danubio FC'], 'Axel Witsel': ['Standard Liège', 'Zenit St. Petersburg', 'Borussia Dortmund', 'Atlético de Madrid', 'SL Benfica', 'Tianjin Tianhai (-2019)'], 'Santiago Mouriño': ['Racing Club de Montevideo', 'Real Zaragoza'], 'Reinildo Mandava': ['LOSC Lille', 'Atlético de Madrid', 'SC Covilhã', 'B SAD', 'AD Fafe', 'SL Benfica B'], 'Javi Galán': ['Córdoba CF', 'SD Huesca', 'Celta de Vigo', 'Córdoba CF B', 'Real Sociedad', 'Atlético de Madrid'], 'Nahuel Molina': ['Atlético de Madrid', 'Udinese Calcio', 'CA Rosario Central', 'Defensa y Justicia', 'CA Boca Juniors'], 'César Azpilicueta': ['Chelsea FC', 'CA Osasuna', 'Olympique Marseille', 'Atlético de Madrid', 'CA Osasuna Promesas'], 'Javi Serrano': ['SK Sturm Graz', 'UD Ibiza', 'CD Mirandés', 'Atlético de Madrid B', 'Atlético de Madrid', 'SK Sturm Graz II', 'Atlético de Madrid UEFA U19'], 'Rodrigo de Paul': ['Udinese Calcio', 'Atlético de Madrid', 'Racing Club', 'Valencia CF'], 'Marcos Llorente': ['Atlético de Madrid', 'Real Madrid Castilla', 'Real Madrid', 'Deportivo Alavés', 'Real Madrid UEFA U19'], 'Arthur Vermeeren': ['Royal Antwerp FC', 'Young Reds', 'Atlético de Madrid'], 'Pablo Barrios': ['Atlético de Madrid', 'Atlético de Madrid B', 'Atlético de Madrid UEFA U19'], 'Koke': ['Atlético de Madrid', 'Atlético de Madrid B'], 'Thomas Lemar': ['Atlético de Madrid', 'AS Monaco', 'SM Caen B', 'SM Caen'], 'Samuel Lino': ['Gil Vicente FC', 'Atlético de Madrid', 'Valencia CF', 'São Bernardo FC'], 'Rodrigo Riquelme': ['Atlético de Madrid', 'CD Mirandés', 'Girona FC', 'Atlético de Madrid B', 'AFC Bournemouth', 'Atlético de Madrid UEFA U19'], 'Víctor Mollejo': ['Real Zaragoza', 'CD Tenerife', 'Deportivo de La Coruña', 'Atlético de Madrid B', 'RCD Mallorca', 'Atlético de Madrid UEFA U19', 'Atlético de Madrid', 'Getafe CF'], 'Marcos Paulo': ['Fluminense Football Club', 'São Paulo Futebol Clube', 'FC Famalicão', 'CD Mirandés', 'FC Famalicão U23'], 'Ángel Correa': ['Atlético de Madrid', 'CA San Lorenzo de Almagro'], 'Germán Valera': ['Real Zaragoza', 'FC Andorra', 'Atlético de Madrid B', 'Real Sociedad B', 'CD Tenerife', 'Atlético de Madrid UEFA U19', 'Real Sociedad', 'Atlético de Madrid'], 'João Félix': ['Atlético de Madrid', 'FC Barcelona', 'SL Benfica', 'SL Benfica B', 'Chelsea FC', 'SL Benfica Youth League'], 'Samu Omorodion': ['Recreativo Granada', 'Deportivo Alavés', 'Granada CF'], 'Antoine Griezmann': ['Atlético de Madrid', 'Real Sociedad', 'FC Barcelona'], 'Carlos Martín': ['CD Mirandés', 'Atlético de Madrid B', 'Atlético de Madrid UEFA U19', 'Atlético de Madrid'], 'Giuliano Simeone': ['Real Zaragoza', 'Deportivo Alavés', 'Atlético de Madrid B', 'Atlético de Madrid'], 'Borja Garcés': ['Atlético de Madrid B', 'CD Tenerife', 'CD Leganés', 'Elche CF', 'CF Fuenlabrada', 'Atlético de Madrid UEFA U19', 'Atlético de Madrid']}"
Real Sociedad,"{'Álex Remiro': ['Real Sociedad', 'Bilbao Athletic', 'SD Huesca', 'Levante UD', 'Athletic Bilbao'], 'Unai Marrero': ['Real Sociedad B', 'Real Sociedad C', 'Real Sociedad'], 'Igor Zubeldia': ['Real Sociedad', 'Real Sociedad B'], 'Jon Pacheco': ['Real Sociedad', 'Real Sociedad B'], 'Aritz Elustondo': ['Real Sociedad', 'Real Sociedad B'], 'Sergio Gómez': ['SD Huesca', 'RSC Anderlecht', 'Manchester City', 'Borussia Dortmund II', 'Borussia Dortmund UEFA U19', 'Borussia Dortmund U19', 'Borussia Dortmund', 'FC Barcelona UEFA U19', 'FC Barcelona Atlètic'], 'Aihen Muñoz': ['Real Sociedad', 'Real Sociedad B'], 'Javi López': ['Deportivo Alavés', 'Deportivo Alavés B'], 'Hamari Traoré': ['Stade Rennais FC', 'Stade Reims', 'Lierse SK (-2018)', 'Real Sociedad', 'Paris FC'], 'Jon Aramburu': ['Deportivo La Guaira', 'Real Unión Club', 'Real Sociedad B', 'Real Sociedad'], 'Álvaro Odriozola': ['Real Sociedad B', 'Real Sociedad', 'Real Madrid', 'ACF Fiorentina', 'Real Sociedad UEFA U19', 'Bayern Munich'], 'Martín Zubimendi': ['Real Sociedad', 'Real Sociedad B'], 'Urko González de Zarate': ['Real Sociedad B', 'Real Sociedad'], 'Mikel Merino': ['Real Sociedad', 'CA Osasuna', 'Newcastle United', 'Borussia Dortmund'], 'Beñat Turrientes': ['Real Sociedad', 'Real Sociedad B'], 'Jon Ander Olasagasti': ['Real Sociedad B', 'Real Sociedad'], 'Brais Méndez': ['Celta de Vigo', 'Real Sociedad', 'RC Celta Fortuna'], 'Arsen Zakharyan': ['Dynamo Moscow', 'Real Sociedad', 'Dynamo 2 Moscow', 'Akademia Dynamo Moscow', 'Dynamo Moscow II'], 'Robert Navarro': ['Real Sociedad B', 'Real Sociedad', 'Cádiz CF', 'AS Monaco U21', 'AS Monaco UEFA U19', 'AS Monaco'], 'Magunacelaya': ['Real Sociedad B', 'Real Sociedad', 'Real Sociedad C'], 'Ander Barrenetxea': ['Real Sociedad', 'Real Sociedad B'], 'Takefusa Kubo': ['Real Sociedad', 'RCD Mallorca', 'FC Tokyo Reserve', 'FC Tokyo', 'Villarreal CF', 'Getafe CF', 'Yokohama F. Marinos'], 'Mikel Oyarzabal': ['Real Sociedad', 'Real Sociedad B'], 'Sheraldo Becker': ['1.FC Union Berlin', 'ADO Den Haag', 'PEC Zwolle', 'Ajax Amsterdam U21', 'Real Sociedad', 'Ajax Amsterdam U19', 'Ajax Amsterdam UEFA U19', 'PEC Zwolle U21', 'ADO Den Haag U21'], 'Umar Sadiq': ['UD Almería', 'FK Partizan Belgrade', 'Real Sociedad', 'Spezia Primavera', 'AC Perugia Calcio', 'NAC Breda', 'Roma U19', 'AS Roma UEFA U19', 'Bologna FC 1909', 'AS Roma', 'Rangers FC', 'Torino FC', 'USD Lavagnese 1919', 'Rangers FC B', 'NAC Breda U21', 'Spezia Calcio'], 'Carlos Fernández': ['Sevilla Atlético', 'Real Sociedad', 'Granada CF', 'Deportivo de La Coruña', 'Sevilla FC']}"
Athletic Bilbao,"{'Unai Simón': ['Athletic Bilbao', 'Bilbao Athletic', 'Athletic Bilbao UEFA U19'], 'Julen Agirrezabala': ['Bilbao Athletic', 'Athletic Bilbao', 'CD Basconia'], 'Dani Vivian': ['Athletic Bilbao', 'Bilbao Athletic', 'CD Mirandés'], 'Aitor Paredes': ['Athletic Bilbao', 'Bilbao Athletic', 'CD Basconia'], 'Yeray Álvarez': ['Athletic Bilbao', 'Bilbao Athletic'], 'Yuri Berchiche': ['Athletic Bilbao', 'Real Sociedad', 'SD Eibar', 'Real Unión Club', 'Paris Saint-Germain', 'Cheltenham Town', 'Real Valladolid CF', 'Tottenham Hotspur U18'], 'Andoni Gorosabel': ['Real Sociedad', 'Deportivo Alavés', 'Real Unión Club', 'Real Sociedad B', 'Real Sociedad UEFA U19'], 'Iñigo Lekue': ['Athletic Bilbao', 'Bilbao Athletic'], 'Óscar de Marcos': ['Athletic Bilbao', 'Deportivo Alavés', 'Bilbao Athletic'], 'Mikel Vesga': ['Athletic Bilbao', 'Bilbao Athletic', 'CD Leganés', 'Sporting Gijón', 'Deportivo Alavés'], 'Beñat Prados': ['Bilbao Athletic', 'CD Mirandés', 'Athletic Bilbao', 'CD Basconia'], 'Iñigo Ruiz de Galarreta': ['RCD Mallorca', 'UD Las Palmas', 'Athletic Bilbao', 'Real Zaragoza', 'CD Numancia', 'Bilbao Athletic', 'FC Barcelona Atlètic', 'CD Leganés', 'CD Mirandés'], 'Ander Herrera': ['Manchester United', 'Athletic Bilbao', 'Paris Saint-Germain', 'Real Zaragoza'], 'Mikel Jauregizar': ['Bilbao Athletic', 'Athletic Bilbao', 'CD Basconia'], 'Oihan Sancet': ['Athletic Bilbao', 'Bilbao Athletic'], 'Unai Gómez': ['Bilbao Athletic', 'Athletic Bilbao', 'CD Basconia'], 'Nico Williams': ['Athletic Bilbao', 'Bilbao Athletic', 'CD Basconia'], 'Álvaro Djaló': ['SC Braga', 'SC Braga U23', 'SC Braga B'], 'Álex Berenguer': ['Athletic Bilbao', 'Torino FC', 'CA Osasuna'], 'Nico Serrano': ['Bilbao Athletic', 'Athletic Bilbao', 'CD Mirandés', 'Racing Ferrol', 'PEC Zwolle'], 'Iñaki Williams': ['Athletic Bilbao', 'Bilbao Athletic'], 'Adu Ares': ['Bilbao Athletic', 'Athletic Bilbao'], 'Juan Artola': ['Bilbao Athletic', 'Burgos CF', 'AD Alcorcón', 'Athletic Bilbao'], 'Gorka Guruzeta': ['Bilbao Athletic', 'Athletic Bilbao', 'CE Sabadell FC', 'SD Amorebieta', 'Athletic Bilbao UEFA U19'], 'Javier Martón': ['Real Sociedad B', 'CD Covadonga', 'CD Mirandés', 'Athletic Bilbao']}"
Valencia CF,"{'Giorgi Mamardashvili': ['Valencia CF', 'FC Locomotive Tbilisi', 'FC Rustavi', 'Dinamo Tbilisi'], 'Stole Dimitrievski': ['Rayo Vallecano', 'Recreativo Granada', 'Gimnàstic de Tarragona', 'Rabotnicki Skopje', 'Granada CF'], 'Jaume Doménech': ['Valencia CF', 'Valencia Mestalla', 'CF Huracán Moncada', 'Villarreal CF B'], 'Cristhian Mosquera': ['Valencia CF', 'Valencia Mestalla'], 'Yarek Gasiorowski': ['Valencia CF', 'Valencia Mestalla'], 'Cenk Özkacar': ['Valencia CF', 'Oud-Heverlee Leuven', 'Karacabey Belediye Spor', 'Altay SK', 'Olympique Lyon B', 'Olympique Lyon'], 'Mouctar Diakhaby': ['Valencia CF', 'Olympique Lyon', 'Olympique Lyon B', 'Olympique Lyon UEFA U19', 'Olympique Lyon U19'], 'César Tárrega': ['Valencia Mestalla', 'Real Valladolid CF', 'Valencia CF'], 'José Gayà': ['Valencia CF', 'Valencia Mestalla'], 'Jesús Vázquez': ['Valencia CF', 'Valencia Mestalla', 'Valencia CF UEFA U19'], 'Thierry Correia': ['Valencia CF', 'Sporting CP UEFA U19', 'Sporting CP', 'Sporting CP U23'], 'Dimitri Foulquier': ['Granada CF', 'Valencia CF', 'Getafe CF', 'Stade Rennais FC', 'RC Strasbourg Alsace', 'Watford FC'], 'Pepelu': ['Atlético Levante UD', 'Levante UD', 'Valencia CF', 'CD Tondela', 'Vitória Guimarães SC', 'Hércules CF'], 'Hugo Guillamón': ['Valencia CF', 'Valencia Mestalla', 'Valencia CF UEFA U19'], 'Javi Guerra': ['Valencia CF', 'Valencia Mestalla'], 'André Almeida': ['Vitória Guimarães SC', 'Valencia CF', 'Vitória Guimarães SC B'], 'Diego López': ['Valencia CF', 'Valencia Mestalla', 'FC Barcelona UEFA U19', 'FC Barcelona Atlètic'], 'Fran Pérez': ['Valencia CF', 'Valencia Mestalla', 'Valencia CF UEFA U19'], 'Sergi Canós': ['Brentford FC', 'Valencia CF', 'Liverpool FC U21', 'Olympiacos Piraeus', 'Liverpool FC UEFA U19', 'Norwich City', 'Norwich City U21', 'Liverpool FC U18', 'Liverpool FC'], 'Samu Castillejo': ['Villarreal CF', 'AC Milan', 'Málaga CF', 'Valencia CF', 'US Sassuolo'], 'Hugo González': ['Valencia Mestalla', 'Valencia CF', 'Valencia CF UEFA U19'], 'Hugo Duro': ['Valencia CF', 'Getafe CF', 'Getafe CF B', 'Real Madrid Castilla', 'Real Madrid'], 'Rafa Mir': ['Sevilla FC', 'Valencia Mestalla', 'SD Huesca', 'UD Las Palmas', 'Nottingham Forest', 'Valencia CF', 'Valencia CF UEFA U19', 'Wolverhampton Wanderers', 'Wolverhampton Wanderers U21'], 'Alberto Marí': ['Valencia Mestalla', 'Valencia CF', 'SD Eibar']}"
Girona FC,"{'Paulo Gazzaniga': ['Girona FC', 'Southampton FC U21', 'Tottenham Hotspur', 'Rayo Vallecano', 'Southampton FC', 'Gillingham FC', 'Fulham FC', 'Elche CF'], 'Juan Carlos': ['Girona FC', 'CD Lugo', 'Córdoba CF', 'Elche CF', 'Rayo Vallecano B', 'Rayo Vallecano', 'Hércules CF'], 'Ladislav Krejci': ['AC Sparta Prague', 'FC Zbrojovka Brno', 'FC Zbrojovka Brno B'], 'Alejandro Francés': ['Real Zaragoza', 'Real Zaragoza UEFA U19'], 'Daley Blind': ['Ajax Amsterdam', 'Manchester United', 'Girona FC', 'FC Groningen', 'Ajax Amsterdam U21', 'Bayern Munich'], 'David López': ['RCD Espanyol Barcelona', 'SSC Napoli', 'Girona FC', 'SD Huesca', 'CD Leganés', 'Terrassa FC'], 'Juanpe': ['Girona FC', 'Racing Santander', 'Real Valladolid CF', 'UD Las Palmas', 'Las Palmas Atlético'], 'Miguel Gutiérrez': ['Girona FC', 'Real Madrid Castilla', 'Real Madrid UEFA U19', 'Real Madrid'], 'Arnau Martínez': ['Girona FC'], 'Yangel Herrera': ['Granada CF', 'Girona FC', 'New York City FC', 'Atlético Venezuela', 'RCD Espanyol Barcelona', 'SD Huesca'], 'Donny van de Beek': ['Ajax Amsterdam', 'Manchester United', 'Ajax Amsterdam U21', 'Ajax Amsterdam U19', 'Ajax Amsterdam UEFA U19', 'Eintracht Frankfurt', 'Everton FC'], 'Jhon Solís': ['Atlético Nacional', 'Girona FC'], 'Iván Martín': ['Girona FC', 'Villarreal CF B', 'CD Mirandés', 'Deportivo Alavés', 'Villarreal CF'], 'Gabriel Misehouy': ['Ajax Amsterdam U21', 'Ajax U18', 'Ajax Amsterdam UEFA U19', 'Ajax Amsterdam U17', 'Ajax Amsterdam'], 'Bryan Gil': ['Sevilla FC', 'Tottenham Hotspur', 'SD Eibar', 'Sevilla Atlético', 'Valencia CF', 'CD Leganés', 'Sevilla FC UEFA U19'], 'Toni Villa': ['Real Valladolid CF', 'Real Valladolid Promesas', 'Cultural Leonesa', 'Girona FC'], 'Óscar Ureña': ['CD Leganés', 'Girona FC', 'FC Cartagena', 'Girona FC B'], 'Viktor Tsygankov': ['Dynamo Kyiv', 'Girona FC', 'Dynamo Kyiv UEFA U19'], 'Portu': ['Girona FC', 'Real Sociedad', 'Valencia Mestalla', 'Albacete Balompié', 'Getafe CF', 'Valencia CF'], 'Valery Fernández': ['Girona FC', 'CF Peralada'], 'Ilyas Chaira': ['CD Mirandés', 'San Fernando CD', 'UE Costa Brava (- 2022)', 'UD Ibiza', 'Girona FC'], 'Manu Vallejo': ['Valencia CF', 'Cádiz CF', 'Real Zaragoza', 'Real Oviedo', 'Deportivo Alavés', 'Girona FC', 'Cádiz CF Mirandilla'], 'Artem Dovbyk': ['SC Dnipro-1', 'Girona FC', 'Dnipro Dnipropetrovsk (-2020)', 'Sönderjyske', 'FC Midtjylland', 'FC Midtjylland Reserves', 'Sönderjyske Reserves', 'Zaria Balti', 'OPFK Cherkashchyna (-2021)'], 'Abel Ruiz': ['SC Braga', 'FC Barcelona Atlètic', 'FC Barcelona UEFA U19', 'FC Barcelona'], 'Cristhian Stuani': ['Girona FC', 'RCD Espanyol Barcelona', 'Middlesbrough FC', 'Albacete Balompié', 'Racing Santander', 'Levante UD', 'Reggina 1914', 'Danubio FC', 'CA Bella Vista', 'Reggina Primavera']}"
Villarreal CF,"{'Diego Conde': ['CD Leganés', 'CDA Navalcarnero', 'Atlético de Madrid B', 'Atlético de Madrid UEFA U19', 'Getafe CF'], 'Jorge Cuenca': ['FC Barcelona Atlètic', 'Villarreal CF', 'UD Almería', 'Getafe CF', 'AD Alcorcón', 'FC Barcelona UEFA U19', 'FC Barcelona'], 'Willy Kambwala': ['Manchester United U21', 'Manchester United U18', 'Manchester United', 'Manchester United UEFA U19', 'FC Sochaux-Montbéliard U19', 'FC Sochaux-Montbéliard B'], 'Eric Bailly': ['Manchester United', 'Villarreal CF', 'Olympique Marseille', 'RCD Espanyol B', 'Besiktas JK', 'RCD Espanyol Barcelona', 'Manchester United U21'], 'Aïssa Mandi': ['Real Betis Balompié', 'Stade Reims', 'Villarreal CF'], 'Raúl Albiol': ['SSC Napoli', 'Villarreal CF', 'Valencia CF', 'Real Madrid', 'Getafe CF', 'Valencia Mestalla'], 'Sergi Cardona': ['UD Las Palmas', 'Las Palmas Atlético', 'Gimnàstic de Tarragona'], 'Alfonso Pedraza': ['Villarreal CF', 'Villarreal CF B', 'Deportivo Alavés', 'CD Lugo', 'Real Betis Balompié', 'Leeds United'], 'Juan Foyth': ['Villarreal CF', 'Tottenham Hotspur', 'Club Estudiantes de La Plata'], 'Adrià Altimira': ['FC Andorra', 'Villarreal CF B', 'UD Melilla', 'Villarreal CF', 'FC Barcelona UEFA U19'], 'Kiko Femenía': ['Watford FC', 'Deportivo Alavés', 'Hércules CF', 'FC Barcelona Atlètic', 'Villarreal CF', 'AD Alcorcón', 'Real Madrid Castilla', 'FC Barcelona'], 'Pape Gueye': ['Olympique Marseille', 'Le Havre AC', 'AC Le Havre B', 'Sevilla FC'], 'Ramón Terrats': ['Girona FC', 'Villarreal CF', 'Villarreal CF B', 'UE Sant Andreu'], 'Santi Comesaña': ['Rayo Vallecano', 'Coruxo FC', 'Villarreal CF'], 'Dani Parejo': ['Valencia CF', 'Villarreal CF', 'Getafe CF', 'Real Madrid Castilla', 'Queens Park Rangers', 'Real Madrid'], 'Manu Trigueros': ['Villarreal CF', 'Villarreal CF B', 'Real Murcia Imperial'], 'Álex Baena': ['Villarreal CF', 'Girona FC', 'Villarreal CF B'], 'Denis Suárez': ['Celta de Vigo', 'FC Barcelona', 'Villarreal CF', 'Sevilla FC', 'FC Barcelona Atlètic', 'Manchester City U21', 'RCD Espanyol Barcelona', 'RC Celta Fortuna', 'Arsenal FC', 'Manchester City'], 'Arnaut Danjuma': ['AFC Bournemouth', 'Villarreal CF', 'NEC Nijmegen', 'PSV Eindhoven U19', 'Club Brugge KV', 'Everton FC', 'Tottenham Hotspur', 'NEC Nijmegen U21', 'PSV Eindhoven UEFA U19', 'PSV Eindhoven U21', 'Everton FC U21'], 'Yéremy Pino': ['Villarreal CF'], 'Ilias Akhomach': ['FC Barcelona Atlètic', 'Villarreal CF', 'FC Barcelona UEFA U19', 'FC Barcelona', 'Villarreal CF B'], 'Haissem Hassan': ['Villarreal CF B', 'Sporting Gijón', 'CD Mirandés', 'LB Châteauroux', 'LB Châteauroux B', 'Villarreal CF', 'LB Châteauroux U19'], 'Alexander Sørloth': ['Real Sociedad', 'Trabzonspor', 'FC Groningen', 'Villarreal CF', 'RB Leipzig', 'FK Bodø/Glimt', 'FC Midtjylland', 'KAA Gent', 'Crystal Palace', 'Rosenborg BK', 'FC Groningen U21'], 'Gerard Moreno': ['Villarreal CF', 'RCD Espanyol Barcelona', 'RCD Mallorca', 'Villarreal CF B']}"
Sevilla FC,"{'Ørjan Nyland': ['Molde FK', 'IL Hødd', 'FC Ingolstadt 04', 'Aston Villa', 'Sevilla FC', 'Reading FC', 'RB Leipzig', 'Aston Villa U21', 'AFC Bournemouth', 'Norwich City U21', 'FC Ingolstadt 04 II', 'Norwich City'], 'Marko Dmitrovic': ['SD Eibar', 'AD Alcorcón', 'Sevilla FC', 'Újpest FC', 'Charlton Athletic', 'Red Star Belgrade U19'], 'Loïc Badé': ['Sevilla FC', 'RC Lens', 'AC Le Havre B', 'Stade Rennais FC', 'Le Havre AC', 'Nottingham Forest'], 'Kike Salas': ['Sevilla FC', 'Sevilla Atlético', 'Sevilla FC UEFA U19', 'CD Tenerife'], 'Marcão': ['Galatasaray', 'Rio Ave FC', 'GD Chaves', 'Sevilla FC', 'Ferroviária', 'Club Athletico Paranaense', 'Atlético Clube Goianiense'], 'Nemanja Gudelj': ['Sevilla FC', 'AZ Alkmaar', 'NAC Breda', 'Ajax Amsterdam', 'Sporting CP', 'Tianjin Jinmen Tiger', 'Guangzhou FC'], 'Tanguy Nianzou': ['Sevilla FC', 'Bayern Munich', 'Paris Saint-Germain', 'Paris Saint-Germain UEFA U19', 'Paris Saint-Germain U19'], 'Adrià Pedrosa': ['RCD Espanyol Barcelona', 'Sevilla FC', 'RCD Espanyol B'], 'Ludwig Augustinsson': ['SV Werder Bremen', 'FC Copenhagen', 'IFK Göteborg', 'RSC Anderlecht', 'IF Brommapojkarna', 'Sevilla FC', 'Aston Villa', 'RCD Mallorca', 'IFK Göteborg U21'], 'Marcos Acuña': ['Sevilla FC', 'Sporting CP', 'Racing Club', 'Club Ferro Carril Oeste'], 'Juanlu Sánchez': ['Sevilla Atlético', 'Sevilla FC', 'CD Mirandés', 'Sevilla FC UEFA U19'], 'Gonzalo Montiel': ['CA River Plate', 'Sevilla FC', 'Nottingham Forest', 'CA River Plate U20'], 'José Ángel Carmona': ['Sevilla Atlético', 'Getafe CF', 'Sevilla FC', 'Elche CF'], 'Jesús Navas': ['Sevilla FC', 'Manchester City'], 'Albert Sambi Lokonga': ['RSC Anderlecht', 'Arsenal FC', 'Luton Town', 'Crystal Palace', 'RSC Anderlecht UEFA U19'], 'Djibril Sow': ['Eintracht Frankfurt', 'BSC Young Boys', 'Sevilla FC', 'Borussia Mönchengladbach II', 'FC Zürich U18', 'FC Zürich U21', 'Borussia Mönchengladbach', 'Borussia Mönchengladbach UEFA U19'], 'Saúl Ñíguez': ['Atlético de Madrid', 'Atlético de Madrid B', 'Rayo Vallecano', 'Chelsea FC'], 'Joan Jordán': ['Sevilla FC', 'RCD Espanyol B', 'SD Eibar', 'Real Valladolid CF', 'RCD Espanyol Barcelona'], 'Manu Bueno': ['Sevilla Atlético', 'Sevilla FC UEFA U19', 'Sevilla FC'], 'Óscar Rodríguez': ['CD Leganés', 'Getafe CF', 'Sevilla FC', 'Celta de Vigo', 'Real Madrid Castilla', 'Real Madrid UEFA U19', 'Real Madrid'], 'Lucas Ocampos': ['Sevilla FC', 'Olympique Marseille', 'AS Monaco', 'CA River Plate', 'Genoa CFC', 'AC Milan', 'Ajax Amsterdam'], 'Chidera Ejuke': ['Vålerenga Fotball Elite', 'CSKA Moscow', 'Royal Antwerp FC', 'SC Heerenveen', 'Hertha BSC', 'Vålerenga Fotball II', 'Gombe United FC'], 'Dodi Lukébakio': ['Hertha BSC', 'Fortuna Düsseldorf', 'Sevilla FC', 'VfL Wolfsburg', 'R Charleroi SC', 'RSC Anderlecht', 'RSC Anderlecht UEFA U19', 'FC Toulouse', 'Watford FC'], 'Suso': ['Sevilla FC', 'AC Milan', 'Liverpool FC U21', 'UD Almería', 'Liverpool FC', 'Genoa CFC'], 'Peque Fernández': ['Racing Santander', 'FC Barcelona Atlètic', 'FC Barcelona UEFA U19', 'UE Cornellà'], 'Isaac Romero': ['Sevilla Atlético', 'Sevilla FC'], 'Kelechi Iheanacho': ['Leicester City', 'Manchester City', 'Manchester City U21', 'Leicester City U21', 'Manchester City UEFA U19', 'Manchester City U18']}"
Real Betis Balompié,"{'Rui Silva': ['Granada CF', 'Real Betis Balompié', 'CD Nacional'], 'Adrián': ['West Ham United', 'Betis Deportivo Balompié', 'Real Betis Balompié', 'Liverpool FC'], 'Fran Vieites': ['Betis Deportivo Balompié', 'RC Celta Fortuna', 'CD Lugo', 'Real Betis Balompié', 'Celta de Vigo'], 'Diego Llorente': ['Real Sociedad', 'Real Madrid Castilla', 'Leeds United', 'AS Roma', 'Rayo Vallecano', 'Real Madrid C (- 2015)', 'Málaga CF', 'Real Madrid', 'Leeds United U21'], 'Germán Pezzella': ['Real Betis Balompié', 'ACF Fiorentina', 'CA River Plate'], 'Marc Bartra': ['Real Betis Balompié', 'FC Barcelona', 'FC Barcelona Atlètic', 'Borussia Dortmund', 'Trabzonspor'], 'Romain Perraud': ['Stade Brestois 29', 'Southampton FC', 'OGC Nice B', 'Paris FC', 'OGC Nice'], 'Héctor Bellerín': ['Arsenal FC', 'Real Betis Balompié', 'Arsenal FC U21', 'Sporting CP', 'Watford FC', 'FC Barcelona', 'Arsenal FC UEFA U19'], 'Youssouf Sabaly': ['FC Girondins Bordeaux', 'Thonon Évian Grand Genève FC', 'Real Betis Balompié', 'FC Nantes', 'Paris Saint-Germain'], 'Johnny Cardoso': ['Sport Club Internacional', 'Real Betis Balompié'], 'Marc Roca': ['RCD Espanyol Barcelona', 'RCD Espanyol B', 'Real Betis Balompié', 'Leeds United', 'Bayern Munich'], 'Carvalho': ['Real Betis Balompié', 'Sporting CP', 'Cercle Brugge'], 'Sergi Altimira': ['CE Sabadell FC', 'Real Betis Balompié', 'EC Granollers'], 'Pablo Fornals': ['West Ham United', 'Villarreal CF', 'Málaga CF', 'Real Betis Balompié'], 'Nabil Fekir': ['Olympique Lyon', 'Real Betis Balompié'], 'Isco': ['Real Madrid', 'Málaga CF', 'Real Betis Balompié', 'Valencia Mestalla', 'Sevilla FC', 'Valencia CF'], 'Rodri Sánchez': ['Real Betis Balompié', 'Betis Deportivo Balompié'], 'Assane Diao': ['Real Betis Balompié', 'Betis Deportivo Balompié'], 'Ez Abde': ['Real Betis Balompié', 'CA Osasuna', 'Hércules CF', 'FC Barcelona Atlètic', 'FC Barcelona'], 'Ayoze Pérez': ['Newcastle United', 'Leicester City', 'Real Betis Balompié', 'CD Tenerife'], 'Juanmi': ['Real Sociedad', 'Real Betis Balompié', 'Málaga CF', 'Racing Santander', 'Southampton FC', 'Al-Riyadh SC', 'Cádiz CF', 'Southampton FC U21'], 'Aitor Ruibal': ['Real Betis Balompié', 'Betis Deportivo Balompié', 'CF Rayo Majadahonda', 'CD Leganés', ""CE L'Hospitalet"", 'FC Cartagena'], 'Álex Collado': ['FC Barcelona Atlètic', 'Al-Okhdood Club', 'FC Barcelona UEFA U19', 'Elche CF', 'Granada CF', 'FC Barcelona'], 'Iker Losada': ['RC Celta Fortuna', 'Racing Ferrol', 'Celta de Vigo'], 'Chimy Ávila': ['CA Osasuna', 'SD Huesca', 'CA San Lorenzo de Almagro', 'CA Tiro Federal', 'Real Betis Balompié'], 'Cédric Bakambu': ['FC Sochaux-Montbéliard', 'Villarreal CF', 'Beijing Guoan', 'Bursaspor', 'Olympiacos Piraeus', 'Olympique Marseille', 'Galatasaray', 'Real Betis Balompié']}"
CA Osasuna,"{'Sergio Herrera': ['CA Osasuna', 'SD Huesca', 'SD Amorebieta', 'CD Laudio', 'Deportivo Alavés'], 'Aitor Fernández': ['Levante UD', 'Villarreal CF B', 'CD Numancia', 'CA Osasuna', 'Bilbao Athletic', 'Barakaldo CF', 'Villarreal CF', 'Athletic Bilbao'], 'David García': ['CA Osasuna', 'Cultural Leonesa', 'CA Osasuna Promesas'], 'Jorge Herrando': ['CA Osasuna Promesas', 'CA Osasuna', 'UD Logroñés'], 'Alejandro Catena': ['Rayo Vallecano', 'CA Osasuna', 'Marbella FC', 'CDA Navalcarnero', 'CF Reus Deportiu (-2020)'], 'Unai García': ['CA Osasuna', 'CA Osasuna Promesas', 'CD Tudelano'], 'Juan Cruz': ['CA Osasuna', 'Elche CF', 'San Marino', 'CF Rayo Majadahonda', 'UD San Sebastián de los Reyes', 'Bologna Primavera', 'Carrarese Calcio 1908', 'FC Pistoiese', 'Bologna FC 1909'], 'Abel Bretones': ['Real Oviedo', 'UP Langreo', 'Real Oviedo Vetusta'], 'Jesús Areso': ['Bilbao Athletic', 'CA Osasuna', 'Burgos CF', 'Athletic Bilbao'], 'Rubén Peña': ['SD Eibar', 'Villarreal CF', 'CD Leganés', 'CA Osasuna', 'CD Guijuelo', 'Real Valladolid CF'], 'Nacho Vidal': ['CA Osasuna', 'Valencia Mestalla', 'Valencia CF', 'RCD Mallorca'], 'Diego Moreno': ['CA Osasuna Promesas', 'FC Cartagena', 'CA Osasuna', 'CD Mirandés'], 'Iker Muñoz': ['CA Osasuna Promesas', 'CA Osasuna'], 'Lucas Torró': ['CA Osasuna', 'Real Madrid Castilla', 'Real Oviedo', 'Eintracht Frankfurt', 'CD Alcoyano', 'Real Madrid'], 'Jon Moncayola': ['CA Osasuna', 'CA Osasuna Promesas'], 'Pablo Ibáñez': ['CA Osasuna', 'CA Osasuna Promesas', 'UD Mutilvera'], 'Aimar Oroz': ['CA Osasuna', 'CA Osasuna Promesas'], 'Javi Martínez': ['CA Osasuna Promesas', 'SD Huesca', 'CA Osasuna', 'Albacete Balompié'], 'Moi Gómez': ['Villarreal CF', 'CA Osasuna', 'SD Huesca', 'Sporting Gijón', 'Villarreal CF B', 'Getafe CF'], 'José Manuel Arnáiz': ['CD Leganés', 'CA Osasuna', 'Real Valladolid CF', 'Real Valladolid Promesas', 'FC Barcelona Atlètic', 'FC Barcelona'], 'Ander Yoldi': ['CA Osasuna Promesas', 'UD Mutilvera', 'CD Pamplona'], 'Rubén García': ['CA Osasuna', 'Levante UD', 'Sporting Gijón', 'Atlético Levante UD'], 'Kike Barja': ['CA Osasuna', 'CA Osasuna Promesas'], 'Iker Benito': ['CA Osasuna Promesas', 'FC Andorra', 'CA Osasuna'], 'Ante Budimir': ['CA Osasuna', 'FC Crotone', 'NK Inker', 'RCD Mallorca', 'NK Lokomotiva Zagreb', 'FC St. Pauli', 'UC Sampdoria', 'FC St. Pauli II'], 'Raúl García': ['Betis Deportivo Balompié', 'CD Mirandés', 'CA Osasuna', 'Real Betis Balompié']}"
UD Las Palmas,"{'Álvaro Valles': ['UD Las Palmas', 'Las Palmas Atlético', 'Betis Deportivo Balompié'], 'Jasper Cillessen': ['Ajax Amsterdam', 'NEC Nijmegen', 'Valencia CF', 'FC Barcelona', 'Ajax Amsterdam U21'], 'Dinko Horkas': ['GNK Dinamo Zagreb II', 'Lokomotiv Plovdiv', 'NK Varazdin', 'HSK Posusje', 'GNK Dinamo Zagreb UEFA U19', 'HSK Zrinjski Mostar', 'GNK Dinamo Zagreb'], 'Mika Mármol': ['FC Barcelona Atlètic', 'FC Andorra', 'UD Las Palmas', 'FC Barcelona UEFA U19', 'FC Barcelona'], 'Álex Muñoz': ['CD Tenerife', 'Hércules CF', 'Levante UD', 'Sevilla Atlético', 'Real Zaragoza', 'Sevilla FC'], 'Alex Suárez': ['UD Las Palmas', 'Las Palmas Atlético'], 'Juanma Herzog': ['UD Las Palmas', 'Las Palmas Atlético'], 'Enrique Clemente': ['Real Zaragoza', 'UD Logroñés', 'Racing Ferrol', 'UD Las Palmas', 'Real Sociedad B', 'RZ Deportivo Aragón'], 'Daley Sinkgraven': ['Ajax Amsterdam', 'Bayer 04 Leverkusen', 'SC Heerenveen', 'UD Las Palmas', 'SC Heerenveen U19', 'Ajax Amsterdam U21', 'SC Heerenveen U21'], 'Enzo Loiodice': ['UD Las Palmas', 'Dijon FCO', 'Dijon FCO B', 'Wolverhampton Wanderers U21'], 'Javi Muñoz': ['Real Madrid Castilla', 'SD Eibar', 'CD Mirandés', 'UD Las Palmas', 'Lorca FC (- 2022)', 'Real Oviedo', 'CD Tenerife', 'Real Madrid UEFA U19', 'Real Madrid', 'Deportivo Alavés'], 'José Campaña': ['Levante UD', 'Sevilla Atlético', 'AD Alcorcón', 'Sevilla FC', '1.FC Nuremberg', 'UD Las Palmas', 'FC Porto B', 'Crystal Palace', 'FC Porto', 'UC Sampdoria'], 'Fabio': ['UD Las Palmas', 'Las Palmas Atlético'], 'Alberto Moleiro': ['UD Las Palmas', 'Las Palmas Atlético'], 'Kirian Rodríguez': ['UD Las Palmas', 'Las Palmas Atlético'], 'Iván Gil': ['FC Andorra', 'RCD Espanyol B'], 'Fuster': ['Albacete Balompié', 'CD Guijuelo'], 'Pejiño': ['UD Las Palmas', 'Sevilla Atlético', 'Sevilla FC'], 'Benito Ramírez': ['UD Las Palmas', 'Las Palmas Atlético', 'CF Rayo Majadahonda'], 'Adnan Januzaj': ['Real Sociedad', 'Manchester United', 'Manchester United U21', 'Sunderland AFC', 'Sevilla FC', 'Basaksehir FK', 'Borussia Dortmund', 'Sunderland AFC U21'], 'Marvin Park': ['Real Madrid Castilla', 'UD Las Palmas', 'Real Madrid UEFA U19', 'Real Madrid'], 'Viti Rozada': ['Real Oviedo', 'Real Oviedo Vetusta'], 'Ale García': ['Antequera CF', 'Las Palmas Atlético', 'UD Las Palmas'], 'Oli McBurnie': ['Sheffield United', 'Swansea City', 'Swansea City U21', 'Bradford City', 'Barnsley FC', 'Chester FC', 'Bristol Rovers', 'Newport County'], 'Sory Kaba': ['FC Midtjylland', 'Elche CF', 'Oud-Heverlee Leuven', 'UD Las Palmas', 'Cardiff City', 'Dijon FCO', 'KRC Genk U19', 'FC Midtjylland Reserves'], 'Sandro Ramírez': ['FC Barcelona Atlètic', 'UD Las Palmas', 'FC Barcelona', 'Málaga CF', 'Getafe CF', 'Real Valladolid CF', 'Real Sociedad', 'SD Huesca', 'Sevilla FC', 'Everton FC'], 'Marc Cardona': ['UD Las Palmas', 'FC Barcelona Atlètic', 'Go Ahead Eagles', 'CA Osasuna', 'SD Eibar', 'RCD Mallorca', 'FC Barcelona'], 'Jaime Mata': ['Getafe CF', 'Girona FC', 'Lleida CF', 'Real Valladolid CF', 'Rayo Vallecano B'], 'Iván Cédric': ['Real Valladolid Promesas', 'CD Toledo', 'Real Valladolid CF', 'AD Alcorcón B']}"
RCD Mallorca,"{'Predrag Rajkovic': ['Maccabi Tel Aviv', 'Stade Reims', 'RCD Mallorca', 'Red Star Belgrade', 'GFK Jagodina'], 'Dominik Greif': ['Slovan Bratislava', 'Slovan Bratislava B', 'RCD Mallorca'], 'Leo Román': ['Real Oviedo', 'Penya Deportiva Santa Eulalia', 'RCD Mallorca', 'RCD Mallorca B'], 'Iván Cuéllar': ['Sporting Gijón', 'CD Leganés', 'SD Eibar', 'Atlético de Madrid', 'RCD Mallorca', 'Atlético de Madrid B'], 'Martin Valjent': ['RCD Mallorca', 'Ternana Calcio', 'Spartak Dubnica nad Vahom', 'Ternana Primavera', 'Chievo Verona'], 'José Copete': ['RCD Mallorca', 'SD Ponferradina', 'Penya Deportiva Santa Eulalia', 'Villarreal CF B', 'Córdoba CF B', 'Écija Balompié'], 'Siebe Van der Heyden': ['Union Saint-Gilloise', 'FC Eindhoven', 'RCD Mallorca', 'RSC Anderlecht UEFA U19', 'KV Oostende (-2024)'], 'Antonio Raíllo': ['RCD Mallorca', 'RCD Espanyol B', 'SD Ponferradina', 'Betis Deportivo Balompié', 'RCD Espanyol Barcelona'], 'Toni Lato': ['Valencia CF', 'Valencia Mestalla', 'RCD Mallorca', 'CA Osasuna', 'Valencia CF UEFA U19', 'PSV Eindhoven U21', 'PSV Eindhoven'], 'Johan Mojica': ['Girona FC', 'Real Valladolid CF', 'Elche CF', 'CA Osasuna', 'Villarreal CF', 'Rayo Vallecano', 'Deportivo Cali', 'Atalanta BC'], 'Pablo Maffeo': ['RCD Mallorca', 'Girona FC', 'Manchester City U21', 'SD Huesca', 'Manchester City UEFA U19', 'VfB Stuttgart', 'Manchester City U18', 'Manchester City', 'RCD Espanyol B'], 'Giovanni González': ['CA Peñarol', 'CA River Plate Montevideo', 'RCD Mallorca'], 'Mateu Morey': ['Borussia Dortmund', 'Borussia Dortmund II', 'FC Barcelona UEFA U19'], 'Samú Costa': ['UD Almería', 'RCD Mallorca', 'SC Braga U23', 'SC Braga U19', 'SC Braga'], 'Omar Mascarell': ['Real Madrid Castilla', 'FC Schalke 04', 'Elche CF', 'Eintracht Frankfurt', 'RCD Mallorca', 'Derby County', 'Sporting Gijón', 'Real Madrid C (- 2015)', 'FC Schalke 04 II', 'Real Madrid'], 'Sergi Darder': ['RCD Espanyol Barcelona', 'Olympique Lyon', 'Málaga CF', 'RCD Mallorca'], 'Manu Morlanes': ['RCD Mallorca', 'Villarreal CF B', 'Villarreal CF', 'UD Almería', 'RCD Espanyol Barcelona'], 'Antonio Sánchez': ['RCD Mallorca', 'CD Mirandés', 'Barakaldo CF', 'RCD Mallorca B'], 'Dani Rodríguez': ['RCD Mallorca', 'Albacete Balompié', 'Racing Ferrol', 'RC Deportivo Fabril', 'Racing Santander', 'UB Conquense', 'Deportivo de La Coruña'], 'Javi Llabrés': ['RCD Mallorca', 'CD Mirandés', 'RCD Mallorca B'], 'Takuma Asano': ['Sanfrecce Hiroshima', 'VfL Bochum', 'FK Partizan Belgrade', 'VfB Stuttgart', 'Hannover 96', 'J. League U-22 Selection (-2015)', 'VfB Stuttgart II'], 'Vedat Muriqi': ['RCD Mallorca', 'Giresunspor', 'Genclerbirligi Ankara', 'Caykur Rizespor', 'SS Lazio', 'Fenerbahce', 'KF Teuta', 'KS Besa', 'KF Liria Prizren'], 'Cyle Larin': ['Besiktas JK', 'Orlando City SC', 'RCD Mallorca', 'Zulte Waregem', 'Real Valladolid CF', 'Club Brugge KV'], 'Abdón Prats': ['RCD Mallorca', 'RCD Mallorca B', 'CD Mirandés', 'Burgos CF', 'Racing Santander', 'CD Tenerife']}"
Celta de Vigo,"{'Iván Villar': ['RC Celta Fortuna', 'Celta de Vigo', 'CD Leganés', 'Levante UD'], 'Vicente Guaita': ['Crystal Palace', 'Getafe CF', 'Valencia CF', 'Recreativo Huelva', 'Celta de Vigo', 'Valencia Mestalla'], 'Unai Núñez': ['Athletic Bilbao', 'Celta de Vigo', 'Bilbao Athletic', 'Athletic Bilbao UEFA U19'], 'Carl Starfelt': ['IF Brommapojkarna', 'Celtic FC', 'IFK Göteborg', 'Rubin Kazan', 'Celta de Vigo', 'IF Brommapojkarna U19', 'IF Brommapojkarna U21'], 'Joseph Aidoo': ['Celta de Vigo', 'KRC Genk', 'Hammarby IF', 'Hammarby IF U21 (- 2018)', 'Inter Allies FC'], 'Carlos Domínguez': ['RC Celta Fortuna', 'Celta de Vigo'], 'Mihailo Ristic': ['Montpellier HSC', 'Red Star Belgrade', 'Celta de Vigo', 'SL Benfica', 'AC Sparta Prague B', 'FC Krasnodar', 'AC Sparta Prague', 'Red Star Belgrade U19'], 'Óscar Mingueza': ['FC Barcelona', 'Celta de Vigo', 'FC Barcelona Atlètic', 'FC Barcelona UEFA U19'], 'Javier Manquillo': ['Newcastle United', 'Olympique Marseille', 'Atlético de Madrid B', 'Sunderland AFC', 'Liverpool FC', 'Atlético de Madrid', 'Celta de Vigo'], 'Sergio Carreira': ['RC Celta Fortuna', 'CD Mirandés', 'Villarreal CF B', 'Elche CF', 'Celta de Vigo', 'Villarreal CF'], 'Kevin Vázquez': ['RC Celta Fortuna', 'Celta de Vigo'], 'Jailson': ['Grêmio Foot-Ball Porto Alegrense', 'Fenerbahce', 'Sociedade Esportiva Palmeiras', 'Celta de Vigo', 'Dalian Professional (2009-2024)', 'Associação Chapecoense de Futebol'], 'Fran Beltrán': ['Celta de Vigo', 'Rayo Vallecano'], 'Luca de la Torre': ['Fulham FC U21', 'Heracles Almelo', 'Celta de Vigo', 'Fulham FC'], 'Hugo Sotelo': ['RC Celta Fortuna', 'Celta de Vigo'], 'Damián Rodríguez': ['RC Celta Fortuna', 'Celta de Vigo'], 'Williot Swedberg': ['Hammarby IF', 'Celta de Vigo', 'IK Frej Täby', 'Hammarby TFF'], 'Jonathan Bamba': ['LOSC Lille', 'AS Saint-Étienne', 'Celta de Vigo', 'Angers SCO', 'Paris FC', 'Sint-Truidense VV'], 'Julen Lobete': ['Real Sociedad B', 'FC Andorra', 'RKC Waalwijk', 'Real Sociedad'], 'Hugo Álvarez': ['RC Celta Fortuna', 'Celta de Vigo'], 'Franco Cervi': ['SL Benfica', 'Celta de Vigo', 'CA Rosario Central'], 'Tadeo Allende': ['CD Godoy Cruz Antonio Tomba', 'Instituto ACC', 'Celta de Vigo'], 'Anastasios Douvikas': ['FC Utrecht', 'Asteras Aktor', 'Celta de Vigo', 'Volos NPS', 'Asteras Aktor U19'], 'Borja Iglesias': ['Real Betis Balompié', 'RC Celta Fortuna', 'RCD Espanyol Barcelona', 'Real Zaragoza', 'Bayer 04 Leverkusen', 'Celta de Vigo'], 'Iago Aspas': ['Celta de Vigo', 'RC Celta Fortuna', 'Sevilla FC', 'Liverpool FC'], 'Gonçalo Paciência': ['Eintracht Frankfurt', 'FC Porto B', 'Académica Coimbra', 'Celta de Vigo', 'Vitória Setúbal FC', 'VfL Bochum', 'FC Porto', 'FC Schalke 04', 'Rio Ave FC', 'Olympiacos Piraeus'], 'Pablo Durán': ['RC Celta Fortuna', 'SD Compostela', 'Celta de Vigo']}"
Deportivo Alavés,"{'Antonio Sivera': ['Deportivo Alavés', 'Valencia Mestalla', 'Valencia CF UEFA U19', 'UD Almería', 'Valencia CF'], 'Jesús Owono': ['Deportivo Alavés'], 'Abdel Abqar': ['Deportivo Alavés', 'Atlético Malagueño', 'Deportivo Alavés B', 'Málaga CF'], 'Moussa Diarra': ['FC Toulouse', 'Toulouse FC B', 'Toulouse FC U19'], 'Nikola Maras': ['FK Rad', 'UD Almería', 'GD Chaves', 'Deportivo Alavés', 'Rayo Vallecano', 'Levante UD'], 'Aleksandar Sedlar': ['FK Metalac Gornji Milanovac', 'Piast Gliwice', 'Deportivo Alavés', 'RCD Mallorca'], 'Manu Sánchez': ['CA Osasuna', 'Atlético de Madrid B', 'Celta de Vigo', 'Atlético de Madrid', 'Atlético de Madrid UEFA U19'], 'Hugo Novoa': ['RB Leipzig', 'RasenBallsport Leipzig U17', 'FC Basel 1893', 'RasenBallsport Leipzig U19', 'Villarreal CF B', 'FC Utrecht', 'RB Leipzig UEFA U19'], 'Nahuel Tenaglia': ['CA Talleres', 'Deportivo Alavés'], 'Antonio Blanco': ['Real Madrid Castilla', 'Deportivo Alavés', 'Real Madrid UEFA U19', 'Real Madrid', 'Cádiz CF'], 'Carlos Benavidez': ['Deportivo Alavés', 'Defensor Sporting Club', 'CA Independiente'], 'Ander Guevara': ['Real Sociedad', 'Real Sociedad B', 'Deportivo Alavés'], 'Jon Guridi': ['Real Sociedad B', 'Deportivo Alavés', 'CD Mirandés', 'Real Sociedad', 'Real Sociedad UEFA U19'], 'Abdallahi Mahmoud': ['NK Istra 1961', 'Deportivo Alavés B', 'AC Bellinzona', 'Deportivo Alavés'], 'Tomás Conechny': ['CD Godoy Cruz Antonio Tomba', 'Club Almagro', 'Portland Timbers', 'Club Deportivo Maldonado', 'CA San Lorenzo de Almagro', 'Portland Timbers 2'], 'Stoichkov': ['SD Eibar', 'Real Balompédica Linense', 'AD Alcorcón', 'CE Sabadell FC', 'RCD Mallorca', 'Europa FC', 'CP Cacereño'], 'Luis Rioja': ['Deportivo Alavés', 'RC Celta Fortuna', 'Marbella FC', 'UD Almería', 'Real Madrid C (- 2015)'], 'Abde Rebbach': ['Deportivo Alavés', 'Deportivo Alavés B'], 'Luka Romero': ['SS Lazio', 'UD Almería', 'RCD Mallorca', 'AC Milan', 'Lazio U19', 'RCD Mallorca B'], 'Carlos Vicente': ['Racing Ferrol', 'CD Calahorra', 'Deportivo Alavés', 'SD Ejea', 'RZ Deportivo Aragón'], 'Asier Villalibre': ['Athletic Bilbao', 'Bilbao Athletic', 'Deportivo Alavés', 'Real Valladolid CF', 'Lorca FC (- 2022)', 'Athletic Bilbao UEFA U19', 'CD Numancia'], 'Kike García': ['SD Eibar', 'Real Murcia CF', 'CA Osasuna', 'Middlesbrough FC', 'Deportivo Alavés', 'Real Murcia Imperial'], 'Joaquín Panichelli': ['Deportivo Alavés', 'Deportivo Alavés B', 'CA River Plate']}"
Getafe CF,"{'David Soria': ['Getafe CF', 'Sevilla Atlético', 'Sevilla FC'], 'Jiri Letacek': ['FK Pardubice', 'FC Banik Ostrava', 'FK Pardubice B', 'FC Banik Ostrava B'], 'Gastón Álvarez': ['Getafe CF', 'Defensor Sporting Club', 'CA Boston River'], 'Omar Alderete': ['Getafe CF', 'FC Basel 1893', 'Valencia CF', 'Club de Gimnasia y Esgrima La Plata', 'Hertha BSC', 'CA Huracán', 'Club Cerro Porteño'], 'Djené': ['Getafe CF', 'AD Alcorcón', 'Sint-Truidense VV', 'Coton Sport FC de Garoua'], 'Domingos Duarte': ['Granada CF', 'Sporting CP B', 'Getafe CF', 'Deportivo de La Coruña', 'CF Os Belenenses', 'GD Chaves', 'Sporting CP'], 'Diego Rico': ['Real Zaragoza', 'AFC Bournemouth', 'CD Leganés', 'Real Sociedad', 'Getafe CF', 'RZ Deportivo Aragón'], 'Fabrizio Angileri': ['CD Godoy Cruz Antonio Tomba', 'CA River Plate', 'Getafe CF'], 'Jonathan Silva': ['CD Leganés', 'Club Estudiantes de La Plata', 'Sporting CP', 'CA Boca Juniors', 'Albacete Balompié', 'Granada CF', 'Getafe CF', 'Sporting CP B', 'AS Roma'], 'Juan Iglesias': ['Getafe CF', 'UD Logroñés', 'Getafe CF B', 'Real Valladolid Promesas'], 'Mauro Arambarri': ['Getafe CF', 'Defensor Sporting Club', 'FC Girondins Bordeaux', 'FC Girondins Bordeaux B'], 'Luis Milla': ['CD Tenerife', 'Granada CF', 'CF Fuenlabrada', 'Getafe CF', 'Rayo Vallecano B', 'CD Guijuelo'], 'Carles Aleñá': ['Getafe CF', 'FC Barcelona Atlètic', 'FC Barcelona', 'Real Betis Balompié', 'FC Barcelona UEFA U19'], 'Yellu Santiago': ['Valencia Mestalla', 'Getafe CF', 'Valencia CF'], 'Chrisantus Uche': ['AD Ceuta FC', 'Moralo CP'], 'Álex Sola': ['Real Sociedad B', 'Deportivo Alavés', 'CD Numancia', 'Real Sociedad'], 'Peter Federico': ['Real Madrid Castilla', 'Valencia CF', 'Real Madrid UEFA U19', 'Real Madrid'], 'Carles Pérez': ['AS Roma', 'Celta de Vigo', 'FC Barcelona Atlètic', 'FC Barcelona UEFA U19', 'FC Barcelona'], 'Borja Mayoral': ['Getafe CF', 'Levante UD', 'AS Roma', 'Real Madrid Castilla', 'Real Madrid', 'VfL Wolfsburg', 'Real Madrid UEFA U19']}"
Rayo Vallecano,"{'Dani Cárdenas': ['Levante UD', 'Atlético Levante UD', 'Rayo Vallecano'], 'Miguel Ángel Morro': ['CF Fuenlabrada', 'Rayo Vallecano', 'Villarreal CF B'], 'Florian Lejeune': ['Girona FC', 'Rayo Vallecano', 'Deportivo Alavés', 'Newcastle United', 'Istres Football Club', 'SD Eibar', 'Villarreal CF B', 'Stade Brestois 29', 'Villarreal CF', 'Newcastle United U21'], 'Abdul Mumin': ['Vitória Guimarães SC', 'FC Nordsjaelland', 'Rayo Vallecano', 'FC Nordsjaelland U19', 'HB Köge', 'FC Nordsjaelland Reserves'], 'Aridane Hernández': ['CA Osasuna', 'Cádiz CF', 'CD Eldense', 'Real Valladolid Promesas', 'Rayo Vallecano', 'AD Ceuta FC', 'Deportivo Alavés', 'Real Valladolid CF'], 'Martín Pascual': ['UD Ibiza', 'Rayo Vallecano', 'Villarreal CF B'], 'Pelayo Fernández': ['FC Barcelona Atlètic', 'FC Barcelona UEFA U19'], 'Pacha Espino': ['Club Nacional', 'Cádiz CF', 'Rayo Vallecano'], 'Pep Chavarría': ['Real Zaragoza', 'UE Olot', 'Rayo Vallecano'], 'Andrei Rațiu': ['SD Huesca', 'Villarreal CF B', 'Rayo Vallecano', 'ADO Den Haag', 'Villarreal CF'], 'Iván Balliu': ['FC Metz', 'Rayo Vallecano', 'FC Arouca', 'UD Almería', 'FC Barcelona Atlètic'], 'Gerard Gumbau': ['FC Barcelona Atlètic', 'Girona FC', 'Elche CF', 'CD Leganés', 'Granada CF', 'FC Barcelona'], 'Óscar Valentín': ['Rayo Vallecano', 'CF Rayo Majadahonda'], 'Unai López': ['Rayo Vallecano', 'Athletic Bilbao', 'Bilbao Athletic', 'CD Leganés'], 'Pathé Ciss': ['Rayo Vallecano', 'CF Fuenlabrada', 'CF União Madeira (-2021)', 'FC Famalicão'], 'Randy Nteka': ['CF Fuenlabrada', 'Rayo Vallecano', 'Elche CF'], 'Joni Montiel': ['Rayo Vallecano', 'Levante UD', 'RC Deportivo Fabril', 'Real Oviedo', 'Burgos CF', 'Real Valladolid CF', 'CD Toledo', 'Deportivo de La Coruña'], 'Óscar Trejo': ['Rayo Vallecano', 'FC Toulouse', 'Sporting Gijón', 'RCD Mallorca', 'Elche CF', 'Toulouse FC B', 'CA Boca Juniors'], 'Álvaro García': ['Rayo Vallecano', 'Cádiz CF', 'Recreativo Granada', 'Racing Santander', 'San Fernando CD', 'Granada CF', 'CD Leganés'], 'Bebé': ['Rayo Vallecano', 'FC Paços de Ferreira', 'SD Eibar', 'Rio Ave FC', 'Córdoba CF', 'Manchester United U21', 'Real Zaragoza', 'Manchester United', 'SL Benfica', 'Besiktas JK'], 'Isi Palazón': ['Rayo Vallecano', 'SD Ponferradina', 'Real Murcia CF'], 'Jorge de Frutos': ['Levante UD', 'Rayo Vallecano', 'CF Rayo Majadahonda', 'Real Madrid Castilla', 'Real Valladolid CF'], 'Adrián Embarba': ['Rayo Vallecano', 'RCD Espanyol Barcelona', 'UD Almería'], 'Sergio Camello': ['Rayo Vallecano', 'Atlético de Madrid B', 'CD Mirandés', 'Atlético de Madrid UEFA U19', 'Atlético de Madrid'], 'Raúl de Tomás': ['Rayo Vallecano', 'RCD Espanyol Barcelona', 'Real Madrid Castilla', 'Real Valladolid CF', 'Córdoba CF', 'SL Benfica', 'Real Madrid C (- 2015)', 'Real Madrid'], 'Andrés Martín': ['Rayo Vallecano', 'Córdoba CF', 'Córdoba CF B', 'Racing Santander', 'CD Tenerife']}"
Real Valladolid CF,"{'André Ferreira': ['SL Benfica B', 'FC Paços de Ferreira', 'Leixões SC', 'Granada CF', 'SL Benfica Youth League', 'CD Santa Clara', 'Desportivo Aves (- 2020)', 'Real Valladolid CF'], 'Álvaro Aceves': ['Real Valladolid Promesas', 'CD Eldense', 'Real Valladolid CF'], 'Eray Cömert': ['FC Basel 1893', 'FC Basel 1893 U18', 'Valencia CF', 'FC Nantes', 'FC Basel 1893 U21', 'FC Lugano', 'FC Sion', 'FC Basel 1893 UEFA U19', 'FC Basel 1893 U17'], 'Enzo Boyomo': ['Albacete Balompié', 'Blackburn Rovers U18', 'Real Valladolid CF', 'Blackburn Rovers U21'], 'Javi Sánchez': ['Real Valladolid CF', 'Real Madrid Castilla', 'Real Madrid UEFA U19', 'Real Madrid'], 'David Torres': ['Real Valladolid CF', 'Real Valladolid Promesas'], 'Luis Pérez': ['Real Valladolid CF', 'CD Tenerife', 'Real Jaén CF', 'Elche CF', 'Sevilla Atlético'], 'Lucas Rosa': ['Real Valladolid CF', 'Juventus Next Gen', 'Real Valladolid Promesas', 'Juventus Primavera', 'Juventus FC UEFA U19'], 'Stanko Juric': ['HNK Hajduk Split', 'Parma Calcio 1913', 'NK Dugopolje', 'Real Valladolid CF', 'HNK Hajduk Split II'], 'Monchu': ['Real Valladolid CF', 'FC Barcelona Atlètic', 'Girona FC', 'FC Barcelona UEFA U19', 'Granada CF', 'FC Barcelona'], 'Kike Pérez': ['Real Valladolid CF', 'Real Valladolid Promesas', 'CCD Cerceda (- 2018)', 'Rayo Vallecano', 'Elche CF'], 'Víctor Meseguer': ['CD Mirandés', 'Real Valladolid CF', 'Real Murcia CF', 'Granada CF'], 'César de la Hoz': ['UD Almería', 'Betis Deportivo Balompié', 'Rayo Cantabria', 'Albacete Balompié', 'Barakaldo CF', 'Real Valladolid CF', 'Racing Santander'], 'Anuar': ['Real Valladolid CF', 'Real Valladolid Promesas', 'APOEL Nicosia', 'Panathinaikos FC'], 'Selim Amallah': ['Standard Liège', 'Royal Excel Mouscron (-2022)', 'Royal Union Tubize-Braine', 'Valencia CF', 'Real Valladolid CF'], 'Chuki': ['Real Valladolid Promesas', 'Real Valladolid CF'], 'Stipe Biuk': ['HNK Hajduk Split', 'Los Angeles FC', 'Real Valladolid CF', 'HNK Hajduk Split II'], 'Raúl Moro': ['Lazio U19', 'Real Valladolid CF', 'SS Lazio', 'Real Oviedo', 'Ternana Calcio'], 'Darwin Machís': ['Granada CF', 'Recreativo Granada', 'SD Huesca', 'Cádiz CF', 'CD Leganés', 'Mineros de Guayana', 'Udinese Calcio', 'Real Valladolid CF', 'FC Juárez', 'Vitória Guimarães SC B', 'Vitória Guimarães SC', 'Hércules CF', 'FC Juárez U19'], 'Kenedy': ['Granada CF', 'Real Valladolid CF', 'Newcastle United', 'Fluminense Football Club', 'Chelsea FC', 'Getafe CF', 'CR Flamengo', 'Chelsea FC U21', 'Watford FC'], 'Amath Ndiaye': ['RCD Mallorca', 'Getafe CF', 'CD Tenerife', 'Real Valladolid CF', 'Atlético de Madrid UEFA U19'], 'Tunde Akinsola': ['Avs Futebol SAD', 'Real Valladolid Promesas', 'Real Valladolid CF', 'Vasalunds IF'], 'Iván Sánchez': ['Elche CF', 'Atlético de Madrid B', 'Real Valladolid CF', 'Birmingham City', 'UD Almería B', 'UD Almería', 'Real Jaén CF', 'Albacete Balompié', 'Birmingham City U21'], 'Marcos André': ['UD Logroñés', 'Valencia CF', 'CD Mirandés', 'Real Valladolid CF', 'Real Valladolid Promesas'], 'Mamadou Sylla': ['RCD Espanyol B', 'Girona FC', 'Deportivo Alavés', 'KAS Eupen', 'KAA Gent', 'Real Valladolid CF', 'RCD Espanyol Barcelona', 'Zulte Waregem', 'Rayo Vallecano', 'Sint-Truidense VV', 'Racing Santander', 'FC Orenburg'], 'Israel Salazar': ['UCAM Murcia CF', 'Real Valladolid Promesas', 'Real Valladolid CF', 'Real Madrid UEFA U19', 'Real Madrid Castilla']}"
RCD Espanyol Barcelona,"{'Fernando Pacheco': ['Deportivo Alavés', 'RCD Espanyol Barcelona', 'Real Madrid Castilla', 'Real Madrid C (- 2015)', 'Real Madrid', 'UD Almería'], 'Joan García': ['RCD Espanyol Barcelona', 'RCD Espanyol B'], 'Fernando Calero': ['RCD Espanyol Barcelona', 'Real Valladolid CF', 'Real Valladolid Promesas'], 'Leandro Cabrera': ['RCD Espanyol Barcelona', 'Real Zaragoza', 'Getafe CF', 'Hércules CF', 'CD Numancia', 'Real Madrid Castilla', 'Recreativo Huelva', 'Defensor Sporting Club', 'FC Crotone', 'Atlético de Madrid'], 'Sergi Gómez': ['Celta de Vigo', 'RCD Espanyol Barcelona', 'FC Barcelona Atlètic', 'Sevilla FC', 'FC Barcelona'], 'Brian Oliván': ['RCD Espanyol Barcelona', 'Cádiz CF', 'RCD Mallorca', 'Real Valladolid Promesas', 'Recreativo Granada', 'Girona FC', 'Real Valladolid CF', 'SC Braga B', 'CSKA-Sofia'], 'Carlos Romero': ['Villarreal CF B', 'Villarreal CF', 'FC Villarreal C'], 'Álvaro Tejero': ['SD Eibar', 'Real Madrid Castilla', 'Albacete Balompié', 'Real Zaragoza', 'Real Madrid UEFA U19', 'Real Madrid'], 'Omar El Hilali': ['RCD Espanyol B', 'RCD Espanyol Barcelona'], 'Aguado': ['Real Valladolid CF', 'Córdoba CF', 'RCD Espanyol Barcelona', 'Real Jaén CF', 'Córdoba CF B', 'CF Fuenlabrada', 'CD Numancia'], 'José Gragera': ['Sporting Gijón', 'Sporting Atlético', 'RCD Espanyol Barcelona'], 'Edu Expósito': ['SD Eibar', 'RCD Espanyol Barcelona', 'Deportivo de La Coruña', 'RC Deportivo Fabril'], 'Pol Lozano': ['RCD Espanyol Barcelona', 'RCD Espanyol B', 'Girona FC', 'Granada CF'], 'Javi Puado': ['RCD Espanyol Barcelona', 'Real Zaragoza', 'RCD Espanyol B'], 'Pere Milla': ['Elche CF', 'Lleida CF', 'CD Numancia', 'RCD Espanyol Barcelona', 'UD Logroñés', 'Getafe CF B', 'UCAM Murcia CF', 'SD Eibar', 'Getafe CF'], 'José Carlos Lazo': ['UD Almería', 'CD Lugo', 'Recreativo Huelva', 'RCD Espanyol Barcelona', 'Villarreal CF B', 'Real Madrid Castilla', 'Real Madrid UEFA U19', 'Villarreal CF', 'Real Madrid'], 'Kenneth Soler': ['RCD Espanyol B', 'Internacional de Madrid', 'Real Madrid Castilla', 'RCD Espanyol Barcelona'], 'Jofre Carreras': ['RCD Espanyol Barcelona', 'RCD Espanyol B', 'CD Mirandés'], 'Salvi Sánchez': ['Cádiz CF', 'Atlético Sanluqueño', 'RCD Espanyol Barcelona', 'CF Villanovense', 'Rayo Vallecano', 'Sevilla Atlético'], 'Max Svensson': ['RCD Espanyol B', 'CA Osasuna Promesas', 'Deportivo de La Coruña', 'RCD Espanyol Barcelona', 'CA Osasuna'], 'Gastón Valles': ['Vélez CF', 'RCD Espanyol Barcelona', 'RCD Espanyol B'], 'Omar Sadik': ['RCD Espanyol B', 'RCD Espanyol Barcelona']}"
CD Leganés,"{'Juan Soriano': ['CD Tenerife', 'Sevilla Atlético', 'Málaga CF', 'Sevilla FC UEFA U19', 'CD Leganés', 'Sevilla FC'], 'Sergio González': ['CD Leganés', 'CD Mirandés', 'UD San Sebastián de los Reyes', 'Recreativo Huelva', 'AD Alcorcón'], 'Jorge Sáenz': ['CD Tenerife', 'CD Leganés', 'CD Mirandés', 'Celta de Vigo', 'CS Marítimo'], 'Aritz Arambarri': ['Real Sociedad B', 'CD Leganés', 'Real Sociedad'], 'Lalo Aguilar': ['CD Leganés B', 'Atlético de Madrid B', 'CD Leganés'], 'Javi Hernández': ['CD Leganés', 'Club Polideportivo El Ejido', 'Cádiz CF', 'Girona FC', 'Real Oviedo', 'Real Madrid Castilla', 'Real Oviedo Vetusta', 'Real Madrid UEFA U19', 'Real Madrid'], 'Enric Franquesa': ['CD Leganés', 'Villarreal CF B', 'Girona FC', 'Levante UD', 'CD Mirandés', 'CF Gavà', 'CE Sabadell FC', 'FC Barcelona UEFA U19', 'FC Barcelona Atlètic'], 'Valentin Rosier': ['Besiktas JK', 'Dijon FCO', 'Sporting CP', 'OGC Nice', 'Sporting CP U23'], 'Yvan Neyou': ['CD Leganés', 'AS Saint-Étienne', 'Stade Lavallois', 'CS Sedan-Ardennes', 'SC Braga B', 'AS Saint-Étienne B'], 'Julián Chicco': ['CD Leganés', 'CA Colón', 'CA Sarmiento (Junin)', 'CA Patronato', 'CA Boca Juniors'], 'Luis Perea': ['CD Leganés', 'CA Osasuna Promesas', 'OFI Crete FC', 'CA Osasuna', 'AD Alcorcón', 'Atlético de Madrid UEFA U19'], 'Darko Brasanac': ['CA Osasuna', 'FK Partizan Belgrade', 'CD Leganés', 'FK Smederevo 1924', 'Real Betis Balompié', 'Deportivo Alavés'], 'Seydouba Cissé': ['CD Leganés', 'CD Leganés B', 'Vejle Boldklub Reserves', 'Odense Boldklub Reserves'], 'Álex Gil': ['SD Tarazona', 'CD Leganés B', 'CD Leganés'], 'Roberto López': ['Real Sociedad B', 'CD Tenerife', 'CD Mirandés', 'Real Sociedad'], 'Dani Raba': ['Villarreal CF', 'CD Leganés', 'Villarreal CF B', 'SD Huesca', 'Granada CF'], 'Juan Cruz': ['Betis Deportivo Balompié', 'Atlético Malagueño', 'CD Leganés', 'Real Betis Balompié', 'Málaga CF'], 'Naim García': ['CD Leganés', 'SD Ponferradina', 'FC Barcelona Atlètic'], 'Javier Avilés': ['CD Leganés', 'SD Amorebieta', 'CD Lugo', 'Málaga CF', 'CD Tondela', 'CD Atlético Baleares'], 'Miguel de la Fuente': ['Real Valladolid Promesas', 'CD Leganés', 'Deportivo Alavés', 'Real Valladolid CF'], 'Diego García': ['CD Leganés', 'CF Fuenlabrada', 'CD Leganés B']}"
