England,"{'Aaron Ramsdale': ['England', 'England', 'England', 'England', 'England'], 'Jordan Pickford': ['England', 'England', 'England', 'England', 'England', 'England', 'England', 'England', 'England'], 'James Trafford': ['England', 'England', 'England', 'England', 'England', 'England', 'England'], 'Dean Henderson': ['England', 'England', 'England', 'England', 'England', 'England', 'England', 'England', 'England'], 'John Stones': ['England', 'England', 'England', 'England'], 'Marc Guéhi': ['England', 'Wales', 'England', 'England', 'England', 'England'], 'Ezri Konsa': ['England', 'England', 'England'], 'Jarrad Branthwaite': ['England', 'Netherlands', 'England', 'England', 'England', 'Netherlands'], 'Joe Gomez': ['England', 'England', 'England'], 'Harry Maguire': ['England', 'England', 'England', 'England', 'England', 'England'], 'Lewis Dunk': ['England', 'England'], 'Jarell Quansah': ['England', 'England', 'England', 'England', 'England'], 'Luke Shaw': ['England', 'England', 'England', 'England'], 'Trent Alexander-Arnold': ['England', 'England', 'England', 'England'], 'Kyle Walker': ['England', 'England', 'England', 'England', 'England', 'England', 'England'], 'Kieran Trippier': ['England', 'England', 'England', 'Spain', 'England', 'England', 'England', 'England'], 'Declan Rice': ['England', 'England', 'England', 'England'], 'Conor Gallagher': ['England', 'England', 'England', 'England', 'England', 'England', 'Wales', 'England'], 'Curtis Jones': ['England', 'England', 'England', 'England'], 'Kobbie Mainoo': ['England', 'England', 'England', 'England'], 'Adam Wharton': ['England', 'England', 'England', 'England'], 'Jude Bellingham': ['Germany', 'England', 'Spain', 'England'], 'James Maddison': ['England', 'England', 'England', 'England', 'Scotland', 'England'], 'Cole Palmer': ['England', 'England', 'England', 'England', 'England'], 'Eberechi Eze': ['England', 'England', 'England', 'England'], 'Jack Grealish': ['England', 'England', 'England', 'England'], 'Anthony Gordon': ['England', 'England', 'England', 'England', 'England'], 'Phil Foden': ['England', 'England', 'England', 'England'], 'Bukayo Saka': ['England', 'England', 'England'], 'Jarrod Bowen': ['England', 'England', 'England'], 'Harry Kane': ['England', 'Germany', 'England', 'England', 'England', 'England', 'England', 'England'], 'Ollie Watkins': ['England', 'England', 'England'], 'Ivan Toney': ['England', 'England', 'England', 'England', 'England', 'England', 'England', 'England', 'England']}"
France,"{'Mike Maignan': ['France', 'Italy', 'France', 'France', 'France'], 'Brice Samba': ['England', 'France', 'France', 'France', 'France', 'France', 'France', 'France'], 'Alphonse Areola': ['France', 'England', 'France', 'Spain', 'England', 'France', 'Spain'], 'William Saliba': ['England', 'France', 'France', 'France', 'England', 'France', 'France'], 'Dayot Upamecano': ['Germany', 'Germany', 'Austria', 'Austria', 'Austria'], 'Benjamin Pavard': ['Germany', 'Germany', 'Italy', 'France', 'France'], 'Jules Koundé': ['Spain', 'Spain', 'France', 'France', 'France'], 'Ibrahima Konaté': ['Germany', 'England', 'France', 'Germany', 'Germany'], 'Theo Hernández': ['Italy', 'Spain', 'Spain', 'Spain', 'Spain', 'Spain'], 'Ferland Mendy': ['Spain', 'France', 'France', 'France'], 'Jonathan Clauss': ['France', 'France', 'Germany', 'Germany', 'France', 'France', 'France', 'France', 'France'], 'Aurélien Tchouaméni': ['Monaco', 'Spain', 'France', 'France'], ""N'Golo Kanté"": ['England', 'France', 'Saudi Arabia', 'England', 'France'], 'Eduardo Camavinga': ['Spain', 'France', 'France'], 'Warren Zaïre-Emery': ['France', 'France', 'France'], 'Adrien Rabiot': ['France', 'Italy', 'France'], 'Youssouf Fofana': ['Monaco', 'France'], 'Kingsley Coman': ['Germany', 'Italy', 'France', 'France'], 'Bradley Barcola': ['France', 'France', 'France', 'France', 'France'], 'Ousmane Dembélé': ['Spain', 'Germany', 'France', 'France'], 'Kylian Mbappé': ['France', 'Monaco', 'Monaco', 'Monaco', 'Monaco'], 'Marcus Thuram': ['Germany', 'France', 'Italy', 'France', 'France'], 'Randal Kolo Muani': ['France', 'Germany', 'France', 'France', 'France'], 'Antoine Griezmann': ['Spain', 'Spain', 'Spain'], 'Olivier Giroud': ['England', 'Italy', 'England', 'France', 'France', 'France', 'France']}"
Portugal,"{'Diogo Costa': ['Portugal', 'Portugal', 'Portugal'], 'José Sá': ['Greece', 'England', 'Portugal', 'Portugal', 'Portugal', 'Portugal'], 'Rui Patrício': ['Portugal', 'Italy', 'England'], 'Rúben Dias': ['England', 'Portugal', 'Portugal', 'Portugal'], 'António Silva': ['Portugal', 'Portugal', 'Portugal', 'Portugal'], 'Gonçalo Inácio': ['Portugal', 'Portugal'], 'Pepe': ['Spain', 'Portugal', 'Portugal', 'Türkiye'], 'Nuno Mendes': ['France', 'Portugal', 'Portugal'], 'Diogo Dalot': ['England', 'Portugal', 'Portugal', 'Portugal', 'England'], 'João Cancelo': ['England', 'Spain', 'Portugal', 'Spain', 'Italy', 'Italy', 'Germany', 'Portugal'], 'Nélson Semedo': ['England', 'Spain', 'Portugal', 'Portugal', 'England'], 'João Palhinha': ['Portugal', 'England', 'Portugal', 'Portugal', 'Portugal', 'Portugal'], 'João Neves': ['Portugal', 'Portugal', 'Portugal', 'Portugal'], 'Rúben Neves': ['England', 'Portugal', 'Saudi Arabia', 'Portugal'], 'Danilo Pereira': ['Portugal', 'France', 'Portugal', 'Netherlands', 'Italy', 'Italy', 'Greece'], 'Vitinha': ['France', 'Portugal', 'England', 'Portugal', 'Portugal', 'England'], 'Bernardo Silva': ['England', 'Monaco', 'Portugal', 'Portugal'], 'Bruno Fernandes': ['England', 'Portugal', 'Italy', 'Italy', 'Italy', 'Italy', 'Italy'], 'Otávio': ['Portugal', 'Brazil', 'Saudi Arabia', 'Portugal', 'Portugal', 'Portugal'], 'Rafael Leão': ['Italy', 'France', 'Portugal', 'Portugal', 'Portugal'], 'Diogo Jota': ['England', 'England', 'Portugal', 'Portugal'], 'João Félix': ['Spain', 'Portugal', 'Spain', 'Portugal', 'England', 'Portugal'], 'Pedro Neto': ['England', 'Italy', 'Italy', 'Portugal', 'England', 'Portugal'], 'Francisco Conceição': ['Portugal', 'Netherlands', 'Portugal', 'Netherlands', 'Portugal'], 'Gonçalo Ramos': ['Portugal', 'France', 'Portugal', 'Portugal', 'Portugal'], 'Cristiano Ronaldo': ['Spain', 'England', 'Italy', 'Saudi Arabia', 'Portugal']}"
Spain,"{'David Raya': ['England', 'England', 'England', 'England', 'England'], 'Álex Remiro': ['Spain', 'Spain', 'Spain', 'Spain', 'Spain'], 'Unai Simón': ['Spain', 'Spain', 'Spain'], 'Robin Le Normand': ['Spain', 'Spain', 'France'], 'Aymeric Laporte': ['Spain', 'England', 'Saudi Arabia', 'Spain'], 'Dani Vivian': ['Spain', 'Spain', 'Spain'], 'Pau Cubarsí': ['Spain', 'Spain', 'Spain'], 'Alejandro Grimaldo': ['Portugal', 'Spain', 'Germany'], 'Marc Cucurella': ['Spain', 'England', 'Spain', 'England', 'Spain', 'Spain', 'Spain'], 'Pedro Porro': ['Portugal', 'England', 'Spain', 'Spain', 'Spain'], 'Daniel Carvajal': ['Spain', 'Spain', 'Germany'], 'Jesús Navas': ['Spain', 'England'], 'Rodri': ['England', 'Spain', 'Spain', 'Spain'], 'Martín Zubimendi': ['Spain', 'Spain'], 'Mikel Merino': ['Spain', 'Spain', 'England', 'Germany'], 'Fabián Ruiz': ['Italy', 'France', 'Spain', 'Spain', 'Spain'], 'Dani Olmo': ['Germany', 'Croatia', 'Croatia', 'Croatia'], 'Oihan Sancet': ['Spain', 'Spain'], 'Álex Baena': ['Spain', 'Spain', 'Spain'], 'Nico Williams': ['Spain', 'Spain', 'Spain'], 'Lamine Yamal': ['Spain', 'Spain', 'Spain'], 'Pablo Sarabia': ['Spain', 'Spain', 'France', 'Spain', 'England', 'Portugal', 'Spain'], 'Mikel Oyarzabal': ['Spain', 'Spain'], 'Álvaro Morata': ['Italy', 'Spain', 'Spain', 'Spain', 'England'], 'Gerard Moreno': ['Spain', 'Spain', 'Spain', 'Spain'], 'Joselu': ['Spain', 'Spain', 'England', 'Spain', 'Spain', 'Germany', 'Germany', 'Spain', 'England', 'Germany', 'Spain', 'Spain']}"
Netherlands,"{'Bart Verbruggen': ['Belgium', 'England', 'Netherlands', 'Belgium', 'Netherlands', 'Netherlands'], 'Justin Bijlow': ['Netherlands', 'Netherlands', 'Netherlands', 'Netherlands', 'Netherlands', 'Netherlands'], 'Mark Flekken': ['Germany', 'Germany', 'England', 'Germany', 'Germany', 'Germany', 'Germany', 'Germany', 'Germany', 'Germany'], 'Nick Olij': ['Netherlands', 'Netherlands', 'Netherlands', 'Netherlands', 'Netherlands', 'Netherlands'], 'Matthijs de Ligt': ['Netherlands', 'Italy', 'Germany', 'Netherlands', 'Netherlands', 'Netherlands', 'Netherlands', 'Netherlands'], 'Micky van de Ven': ['Netherlands', 'Germany', 'Netherlands', 'England', 'Netherlands'], 'Nathan Aké': ['England', 'England', 'England', 'England', 'England', 'England', 'England', 'England'], 'Virgil van Dijk': ['England', 'Scotland', 'England', 'Netherlands', 'England', 'Netherlands'], 'Stefan de Vrij': ['Italy', 'Netherlands', 'Italy', 'Netherlands', 'Netherlands'], 'Daley Blind': ['Netherlands', 'England', 'Spain', 'Netherlands', 'Netherlands', 'Germany'], 'Ian Maatsen': ['England', 'England', 'England', 'England', 'Germany', 'Netherlands', 'England', 'England', 'England'], 'Lutsharel Geertruida': ['Netherlands', 'Netherlands', 'Netherlands', 'Netherlands', 'Netherlands'], 'Jerdy Schouten': ['Italy', 'Netherlands', 'Netherlands', 'Netherlands', 'Netherlands', 'Netherlands', 'Netherlands', 'Netherlands'], 'Marten de Roon': ['Italy', 'Netherlands', 'Netherlands', 'England', 'Netherlands'], 'Frenkie de Jong': ['Spain', 'Netherlands', 'Netherlands', 'Netherlands', 'Netherlands', 'Netherlands'], 'Ryan Gravenberch': ['Netherlands', 'Netherlands', 'England', 'Germany', 'Netherlands', 'Netherlands', 'Netherlands'], 'Joey Veerman': ['Netherlands', 'Netherlands', 'Netherlands', 'Netherlands', 'Netherlands', 'Netherlands'], 'Tijjani Reijnders': ['Netherlands', 'Netherlands', 'Italy', 'Netherlands', 'Netherlands', 'Netherlands'], 'Quinten Timber': ['Netherlands', 'Netherlands', 'Netherlands', 'Netherlands', 'Netherlands', 'Netherlands', 'Netherlands'], 'Georginio Wijnaldum': ['England', 'Netherlands', 'Netherlands', 'England', 'France', 'Saudi Arabia', 'Italy', 'Netherlands'], 'Jeremie Frimpong': ['Germany', 'Scotland', 'England', 'England', 'England'], 'Denzel Dumfries': ['Italy', 'Netherlands', 'Netherlands', 'Netherlands', 'Netherlands', 'Netherlands', 'Netherlands'], 'Xavi Simons': ['Netherlands', 'Germany', 'France', 'France', 'France'], 'Teun Koopmeiners': ['Netherlands', 'Italy', 'Netherlands', 'Netherlands'], 'Cody Gakpo': ['Netherlands', 'England', 'Netherlands', 'Netherlands', 'Netherlands', 'Netherlands'], 'Steven Bergwijn': ['Netherlands', 'England', 'Netherlands', 'Netherlands', 'Netherlands', 'Netherlands'], 'Donyell Malen': ['Netherlands', 'Germany', 'England', 'Netherlands', 'England', 'England', 'Netherlands', 'Netherlands'], 'Brian Brobbey': ['Netherlands', 'Netherlands', 'Netherlands', 'Netherlands', 'Germany', 'Netherlands'], 'Memphis Depay': ['France', 'Netherlands', 'England', 'Spain', 'Spain', 'Netherlands', 'Netherlands', 'England'], 'Wout Weghorst': ['Germany', 'Netherlands', 'Netherlands', 'Netherlands', 'England', 'Germany', 'England', 'Türkiye', 'Netherlands', 'Netherlands']}"
Germany,"{'Marc-André ter Stegen': ['Spain', 'Germany', 'Germany', 'Germany', 'Germany'], 'Alexander Nübel': ['Monaco', 'Germany', 'Germany', 'Germany', 'Germany', 'Germany', 'Germany', 'Germany'], 'Manuel Neuer': ['Germany', 'Germany', 'Germany', 'Germany'], 'Oliver Baumann': ['Germany', 'Germany', 'Germany', 'Germany'], 'Jonathan Tah': ['Germany', 'Germany', 'Germany', 'Germany', 'Germany', 'Germany'], 'Nico Schlotterbeck': ['Germany', 'Germany', 'Germany', 'Germany', 'Germany', 'Germany', 'Germany'], 'Antonio Rüdiger': ['England', 'Spain', 'Germany', 'Italy', 'Germany', 'Germany', 'Germany', 'Germany', 'England', 'Italy'], 'Waldemar Anton': ['Germany', 'Germany', 'Germany', 'Germany', 'Germany'], 'Robin Koch': ['Germany', 'England', 'Germany', 'Germany', 'Germany', 'Germany', 'Germany', 'England'], 'David Raum': ['Germany', 'Germany', 'Germany', 'Germany', 'Germany', 'Germany'], 'Maximilian Mittelstädt': ['Germany', 'Germany', 'Germany', 'Germany', 'Germany'], 'Joshua Kimmich': ['Germany', 'Germany', 'Germany', 'Germany', 'Germany', 'Germany'], 'Benjamin Henrichs': ['Germany', 'Germany', 'Germany', 'Monaco', 'Germany', 'Germany'], 'Aleksandar Pavlovic': ['Germany', 'Germany', 'Germany', 'Germany', 'Germany'], 'Robert Andrich': ['Germany', 'Germany', 'Germany', 'Germany', 'Germany', 'Germany', 'Germany', 'Germany', 'Germany'], 'İlkay Gündoğan': ['England', 'Germany', 'Germany', 'Spain', 'Germany', 'Germany', 'England', 'Germany'], 'Toni Kroos': ['Spain', 'Germany', 'Germany', 'Germany', 'Germany'], 'Pascal Groß': ['England', 'Germany', 'Germany', 'Germany', 'Germany', 'Germany', 'Germany', 'Germany', 'Germany'], 'Jamal Musiala': ['Germany', 'Germany', 'Germany', 'Germany', 'England', 'Germany'], 'Florian Wirtz': ['Germany', 'Germany', 'Germany'], 'Kai Havertz': ['Germany', 'England', 'Germany', 'England', 'Germany', 'Germany'], 'Chris Führich': ['Germany', 'Germany', 'Germany', 'Germany', 'Germany', 'Germany', 'Germany', 'Germany', 'Germany'], 'Leroy Sané': ['Germany', 'England', 'Germany', 'Germany', 'Germany', 'Germany', 'England'], 'Thomas Müller': ['Germany', 'Germany', 'Germany'], 'Maximilian Beier': ['Germany', 'Germany', 'Germany', 'Germany', 'Germany', 'Germany'], 'Deniz Undav': ['Germany', 'Germany', 'Belgium', 'Germany', 'England', 'Germany', 'Germany'], 'Niclas Füllkrug': ['Germany', 'Germany', 'Germany', 'Germany', 'Germany', 'Germany', 'Germany', 'Germany', 'Germany']}"
Italy,"{'Gianluigi Donnarumma': ['Italy', 'France', 'Italy', 'Italy'], 'Guglielmo Vicario': ['Italy', 'Italy', 'England', 'Italy', 'Italy', 'Italy', 'Italy'], 'Alex Meret': ['Italy', 'Italy', 'Italy', 'Italy', 'Italy'], 'Ivan Provedel': ['Italy', 'Italy', 'Italy', 'Italy', 'Italy', 'Italy', 'Italy', 'Italy', 'Italy', 'Italy', 'Italy'], 'Alessandro Bastoni': ['Italy', 'Italy', 'Italy', 'Italy', 'Italy'], 'Giorgio Scalvini': ['Italy', 'Italy', 'Italy', 'Italy'], 'Alessandro Buongiorno': ['Italy', 'Italy', 'Italy', 'Italy', 'Italy'], 'Riccardo Calafiori': ['Switzerland', 'Italy', 'Italy', 'Italy', 'Italy', 'Italy', 'Italy'], 'Gianluca Mancini': ['Italy', 'Italy', 'Italy', 'Italy', 'Italy', 'Italy'], 'Francesco Acerbi': ['Italy', 'Italy', 'Italy', 'Italy', 'Italy', 'Italy', 'Italy', 'Italy', 'Italy'], 'Federico Dimarco': ['Italy', 'Italy', 'Italy', 'Italy', 'Italy', 'Italy', 'Switzerland', 'Switzerland'], 'Andrea Cambiaso': ['Italy', 'Italy', 'Italy', 'Italy', 'Italy', 'Italy', 'Italy', 'Italy', 'Italy'], 'Giovanni Di Lorenzo': ['Italy', 'Italy', 'Italy', 'Italy', 'Italy', 'Italy'], 'Raoul Bellanova': ['Italy', 'Italy', 'Italy', 'Italy', 'Italy', 'Italy', 'France', 'Italy', 'Italy', 'Italy'], 'Matteo Darmian': ['Italy', 'Italy', 'England', 'Italy', 'Italy', 'Italy', 'Italy', 'Italy', 'Italy'], 'Bryan Cristante': ['Italy', 'Italy', 'Italy', 'Portugal', 'Italy', 'Italy', 'Italy', 'Italy'], 'Samuele Ricci': ['Italy', 'Italy', 'Italy', 'Italy'], 'Jorginho': ['England', 'Italy', 'Italy', 'England', 'Italy', 'Italy'], 'Nicolò Barella': ['Italy', 'Italy', 'Italy', 'Italy'], 'Davide Frattesi': ['Italy', 'Italy', 'Italy', 'Italy', 'Italy', 'Italy', 'Italy', 'Italy', 'Italy', 'Italy', 'Italy'], 'Nicolò Fagioli': ['Italy', 'Italy', 'Italy', 'Italy', 'Italy', 'Italy'], 'Michael Folorunsho': ['Italy', 'Italy', 'Italy', 'Italy', 'Italy', 'Italy', 'Italy'], 'Lorenzo Pellegrini': ['Italy', 'Italy', 'Italy', 'Italy'], 'Federico Chiesa': ['Italy', 'Italy', 'Italy'], 'Mattia Zaccagni': ['Italy', 'Italy', 'Italy', 'Italy', 'Italy', 'Italy'], 'Stephan El Shaarawy': ['Italy', 'Italy', 'Italy', 'Italy', 'Monaco', 'China', 'Italy', 'Italy'], 'Riccardo Orsolini': ['Italy', 'Italy', 'Italy', 'Italy'], 'Giacomo Raspadori': ['Italy', 'Italy', 'Italy', 'Italy'], 'Gianluca Scamacca': ['Italy', 'Italy', 'Italy', 'Italy', 'England', 'Italy', 'Netherlands', 'Italy', 'Netherlands', 'Netherlands', 'Netherlands', 'Netherlands', 'Netherlands'], 'Mateo Retegui': ['Argentina', 'Argentina', 'Italy', 'Argentina', 'Argentina']}"
Belgium,"{'Koen Casteels': ['Germany', 'Germany', 'Germany', 'Germany', 'Belgium'], 'Matz Sels': ['France', 'Belgium', 'Belgium', 'Belgium', 'England', 'England', 'England'], 'Arnaud Bodart': ['Belgium'], 'Thomas Kaminski': ['England', 'Belgium', 'Belgium', 'Belgium', 'England', 'Cyprus', 'Belgium', 'Belgium', 'Denmark', 'England'], 'Arthur Theate': ['France', 'Belgium', 'Italy'], 'Wout Faes': ['England', 'France', 'Belgium', 'Netherlands', 'Belgium', 'Netherlands', 'Netherlands', 'Netherlands', 'Belgium'], 'Zeno Debast': ['Belgium'], 'Koni De Winter': ['Italy', 'Italy', 'Italy', 'Italy', 'Italy', 'Italy', 'Italy'], 'Jan Vertonghen': ['England', 'Netherlands', 'Portugal', 'Belgium', 'Netherlands', 'Netherlands', 'England'], 'Timothy Castagne': ['England', 'Belgium', 'Italy', 'England'], 'Thomas Meunier': ['Belgium', 'France', 'Germany', 'Türkiye', 'Belgium', 'Germany'], 'Amadou Onana': ['England', 'France', 'Germany', 'Germany', 'Germany', 'Germany', 'Germany'], 'Arthur Vermeeren': ['Belgium', 'Belgium', 'Spain'], 'Youri Tielemans': ['England', 'Belgium', 'Monaco', 'England'], 'Orel Mangala': ['Germany', 'England', 'Germany', 'Germany', 'France', 'Belgium', 'Germany', 'Germany', 'England'], 'Aster Vranckx': ['Germany', 'Belgium', 'Italy'], 'Olivier Deman': ['Belgium', 'Germany'], 'Charles De Ketelaere': ['Belgium', 'Italy', 'Italy', 'Belgium', 'Belgium'], 'Jérémy Doku': ['France', 'England', 'Belgium', 'Belgium'], 'Leandro Trossard': ['England', 'Belgium', 'England', 'Belgium', 'Belgium', 'Belgium'], 'Johan Bakayoko': ['Netherlands', 'Netherlands', 'Netherlands', 'Netherlands', 'Netherlands'], 'Dodi Lukébakio': ['Germany', 'Germany', 'Spain', 'Germany', 'Belgium', 'Belgium', 'Belgium', 'France', 'England'], 'Loïs Openda': ['Netherlands', 'Belgium', 'Germany', 'France', 'Belgium', 'Belgium'], 'Romelu Lukaku': ['England', 'Italy', 'Belgium', 'England', 'England', 'Italy', 'England', 'England', 'Belgium'], 'Michy Batshuayi': ['Belgium', 'France', 'England', 'Türkiye', 'Türkiye', 'England', 'Spain', 'Germany', 'England']}"
Türkiye,"{'Altay Bayındır': ['Türkiye', 'Türkiye', 'England'], 'Uğurcan Çakır': ['Türkiye', 'Türkiye'], 'Mert Günok': ['Türkiye', 'Türkiye', 'Türkiye', 'Türkiye'], 'Muhammed Şengezer': ['Türkiye', 'Türkiye', 'Türkiye', 'Türkiye'], 'Okan Kocuk': ['Türkiye', 'Türkiye', 'Türkiye', 'Türkiye', 'Türkiye', 'Türkiye'], 'Merih Demiral': ['Italy', 'Italy', 'Portugal', 'Saudi Arabia', 'Türkiye', 'Italy', 'Portugal', 'Portugal'], 'Çağlar Söyüncü': ['England', 'Germany', 'Türkiye', 'Türkiye', 'Spain', 'England'], 'Ozan Kabak': ['Germany', 'Germany', 'Türkiye', 'Germany', 'England', 'England', 'England'], 'Abdülkerim Bardakcı': ['Türkiye', 'Türkiye', 'Türkiye', 'Türkiye', 'Türkiye', 'Türkiye', 'Türkiye', 'Türkiye'], 'Ahmetcan Kaplan': ['Türkiye', 'Türkiye', 'Netherlands', 'Netherlands'], 'Samet Akaydin': ['Türkiye', 'Türkiye', 'Türkiye', 'Türkiye', 'Türkiye', 'Greece', 'Türkiye'], 'Cenk Özkacar': ['Spain', 'Belgium', 'Türkiye', 'Türkiye', 'France', 'France'], 'Ferdi Kadıoğlu': ['Türkiye', 'Netherlands', 'Türkiye', 'Netherlands', 'Netherlands', 'Türkiye'], 'Rıdvan Yılmaz': ['Türkiye', 'Scotland', 'Türkiye', 'Türkiye'], 'Eren Elmalı': ['Türkiye', 'Türkiye', 'Türkiye', 'Türkiye', 'Türkiye'], 'Zeki Çelik': ['France', 'Türkiye', 'Italy', 'Türkiye'], 'Kaan Ayhan': ['Germany', 'Germany', 'Italy', 'Türkiye', 'Germany', 'Germany', 'Germany', 'Germany'], 'Mert Müldür': ['Italy', 'Austria', 'Austria', 'Türkiye', 'Austria'], 'Hakan Çalhanoğlu': ['Italy', 'Italy', 'Germany', 'Germany', 'Germany', 'Germany', 'Germany'], 'Salih Özcan': ['Germany', 'Germany', 'Germany', 'Germany', 'Germany', 'Germany'], 'İsmail Yüksek': ['Türkiye', 'Türkiye', 'Türkiye', 'Türkiye', 'Türkiye'], 'Berat Özdemir': ['Türkiye', 'Türkiye', 'Türkiye', 'Saudi Arabia'], 'Okay Yokuşlu': ['Türkiye', 'Türkiye', 'England', 'Spain', 'Türkiye', 'Spain'], 'Orkun Kökçü': ['Netherlands', 'Portugal', 'Netherlands', 'Netherlands', 'Netherlands', 'Netherlands'], 'Berkan Kutlu': ['Türkiye', 'Switzerland', 'Türkiye', 'Switzerland', 'Switzerland', 'Italy', 'Switzerland'], 'Arda Güler': ['Türkiye', 'Türkiye', 'Spain'], 'Can Uzun': ['Germany', 'Germany', 'Germany', 'Germany'], 'Yusuf Yazıcı': ['France', 'Türkiye', 'Russia'], 'Abdülkadir Ömür': ['Türkiye', 'England'], 'Kerem Aktürkoğlu': ['Türkiye', 'Türkiye', 'Türkiye', 'Türkiye'], 'Cengiz Ünder': ['France', 'Italy', 'Türkiye', 'Türkiye', 'Türkiye', 'England'], 'Barış Alper Yılmaz': ['Türkiye', 'Türkiye', 'Türkiye', 'Türkiye'], 'İrfan Can Kahveci': ['Türkiye', 'Türkiye', 'Türkiye', 'Türkiye'], 'Yunus Akgün': ['Türkiye', 'Türkiye', 'England', 'Türkiye', 'Türkiye', 'Türkiye'], 'Oğuz Aydın': ['Türkiye', 'Türkiye', 'Türkiye', 'Türkiye'], 'Kenan Yıldız': ['Italy', 'Italy', 'Italy', 'Germany', 'Germany', 'Italy', 'Germany'], 'Enes Ünal': ['Spain', 'Spain', 'Türkiye', 'Netherlands', 'Spain', 'England', 'Netherlands', 'Belgium', 'Spain'], 'Semih Kılıçsoy': ['Türkiye', 'Türkiye', 'Türkiye', 'Türkiye'], 'Bertuğ Yıldırım': ['Türkiye', 'Türkiye', 'France', 'Türkiye', 'Türkiye'], 'Cenk Tosun': ['Türkiye', 'Türkiye', 'England', 'Germany', 'Germany', 'Germany', 'England', 'Germany']}"
Denmark,"{'Mads Hermansen': ['Denmark', 'Denmark', 'England', 'Denmark'], 'Frederik Rönnow': ['Denmark', 'Germany', 'Denmark', 'Denmark', 'Germany', 'Germany'], 'Joachim Andersen': ['England', 'Netherlands', 'Netherlands', 'Italy', 'France', 'England', 'Netherlands'], 'Victor Nelsson': ['Türkiye', 'Denmark', 'Denmark', 'Denmark', 'Denmark', 'Denmark'], 'Jannik Vestergaard': ['Germany', 'Germany', 'England', 'England', 'Germany', 'Germany', 'Germany', 'England'], 'Jacob Rasmussen': ['Netherlands', 'Germany', 'Norway', 'Denmark', 'Germany', 'Italy', 'Germany', 'Netherlands', 'Germany', 'Italy', 'Italy', 'Germany'], 'Simon Kjaer': ['Italy', 'Türkiye', 'France', 'Italy', 'Spain', 'Germany', 'Italy', 'Denmark', 'Italy', 'Denmark'], 'Victor Kristiansen': ['Denmark', 'Italy', 'Denmark', 'England', 'Denmark'], 'Joakim Maehle': ['Belgium', 'Italy', 'Germany', 'Denmark'], 'Mads Roerslev': ['England', 'Denmark', 'Denmark', 'Denmark', 'Denmark', 'Denmark', 'Denmark', 'Sweden', 'Sweden'], 'Elias Jelert': ['Denmark', 'Denmark', 'Denmark'], 'Morten Hjulmand': ['Italy', 'Austria', 'Portugal', 'Denmark', 'Denmark', 'Denmark'], 'Pierre-Emile Højbjerg': ['England', 'England', 'Germany', 'Germany', 'Germany', 'Germany', 'England', 'Germany'], 'Mathias Jensen': ['England', 'Denmark', 'Spain', 'Denmark'], ""Matt O'Riley"": ['Scotland', 'England', 'England', 'England', 'England'], 'Christian Eriksen': ['England', 'Netherlands', 'England', 'Italy', 'England', 'Netherlands'], 'Thomas Delaney': ['Denmark', 'Germany', 'Germany', 'Spain', 'Belgium', 'Germany'], 'Mohamed Daramy': ['Denmark', 'France', 'Denmark', 'Netherlands', 'Denmark', 'Netherlands'], 'Mikkel Damsgaard': ['Denmark', 'England', 'Italy', 'Denmark', 'Denmark'], 'Anders Dreyer': ['Denmark', 'Belgium', 'Denmark', 'England', 'Denmark', 'Russia', 'Netherlands', 'Scotland', 'Netherlands', 'Denmark'], 'Gustav Isaksen': ['Denmark', 'Italy', 'Denmark', 'Denmark', 'Denmark'], 'Rasmus Højlund': ['England', 'Italy', 'Denmark', 'Denmark', 'Austria', 'Denmark'], 'Jonas Wind': ['Denmark', 'Germany', 'Denmark', 'Denmark', 'Denmark'], 'Kasper Dolberg': ['Netherlands', 'France', 'Belgium', 'Netherlands', 'Germany', 'Spain', 'Netherlands', 'Denmark', 'Netherlands'], 'Yussuf Poulsen': ['Germany', 'Denmark', 'Denmark']}"
Ukraine,"{'Anatoliy Trubin': ['Ukraine', 'Portugal', 'Ukraine'], 'Andriy Lunin': ['Spain', 'Ukraine', 'Ukraine', 'Spain', 'Spain', 'Spain'], 'Georgiy Bushchan': ['Ukraine', 'Ukraine'], 'Ilya Zabarnyi': ['Ukraine', 'England', 'Ukraine'], 'Mykola Matvienko': ['Ukraine', 'Ukraine', 'Ukraine', 'Ukraine'], 'Valeriy Bondar': ['Ukraine', 'Ukraine'], 'Talovierov': ['Czech Republic', 'Austria', 'Czech Republic', 'Czech Republic', 'Czech Republic', 'Czech Republic'], 'Oleksandr Svatok': ['Ukraine', 'Ukraine', 'Ukraine', 'Croatia', 'Ukraine'], 'Oleksandr Zinchenko': ['England', 'England', 'Russia', 'Netherlands', 'Ukraine', 'Netherlands', 'Russia'], 'Vitaliy Mykolenko': ['Ukraine', 'England', 'Ukraine'], 'Bogdan Mykhaylichenko': ['Ukraine', 'Belgium', 'Ukraine', 'Ukraine', 'Croatia', 'Ukraine', 'Ukraine', 'Ukraine'], 'Yukhym Konoplya': ['Ukraine', 'Ukraine', 'Ukraine'], 'Oleksandr Tymchyk': ['Ukraine', 'Ukraine', 'Ukraine', 'Ukraine'], 'Taras Stepanenko': ['Ukraine', 'Ukraine'], 'Volodymyr Brazhko': ['Ukraine', 'Ukraine', 'Ukraine'], 'Sergiy Sydorchuk': ['Ukraine', 'Ukraine', 'Belgium'], 'Mykola Shaparenko': ['Ukraine', 'Ukraine', 'Ukraine'], 'Georgiy Sudakov': ['Ukraine', 'Ukraine'], 'Ruslan Malinovskyi': ['Italy', 'Belgium', 'Ukraine', 'Italy', 'France', 'Ukraine'], 'Mykhaylo Mudryk': ['England', 'Ukraine', 'Ukraine', 'Ukraine', 'Ukraine'], 'Viktor Tsygankov': ['Ukraine', 'Spain', 'Ukraine'], 'Oleksandr Zubkov': ['Hungary', 'Ukraine', 'Ukraine', 'Ukraine'], 'Andriy Yarmolenko': ['Ukraine', 'England', 'Ukraine', 'United Arab Emirates', 'Germany', 'Ukraine', 'England'], 'Artem Dovbyk': ['Ukraine', 'Spain', 'Ukraine', 'Denmark', 'Denmark', 'Denmark', 'Denmark', 'Moldova', 'Ukraine'], 'Vladyslav Vanat': ['Ukraine', 'Ukraine', 'Ukraine'], 'Roman Yaremchuk': ['Belgium', 'Portugal', 'Ukraine', 'Belgium', 'Spain', 'Ukraine', 'Ukraine']}"
Serbia,"{'Djordje Petrovic': ['Serbia', 'United States', 'England', 'United States', 'Serbia'], 'Predrag Rajkovic': ['Israel', 'France', 'Spain', 'Serbia', 'Serbia'], 'Vanja Milinković-Savić': ['Italy', 'Poland', 'Serbia', 'Italy', 'Belgium', 'Italy', 'Italy'], 'Aleksandar Jovanovic': ['Cyprus', 'Denmark', 'Serbia', 'Serbia', 'Spain', 'Serbia', 'Spain', 'Serbia'], 'Strahinja Pavlovic': ['Austria', 'Serbia', 'Monaco', 'Belgium', 'Switzerland', 'Serbia'], 'Nikola Milenković': ['Italy', 'Serbia'], 'Strahinja Erakovic': ['Serbia', 'Russia', 'Serbia', 'Serbia', 'Serbia'], 'Jan-Carlo Simic': ['Italy', 'Italy', 'Germany', 'Italy', 'Germany'], 'Milos Veljkovic': ['Germany', 'England', 'Germany', 'England', 'England', 'England'], 'Nemanja Gudelj': ['Spain', 'Netherlands', 'Netherlands', 'Netherlands', 'Portugal', 'China', 'China', 'Netherlands'], 'Srdjan Babic': ['Serbia', 'Spain', 'Serbia', 'Spain', 'Portugal', 'Russia', 'Spain'], 'Nemanja Stojic': ['Serbia', 'Serbia', 'Serbia', 'Serbia'], 'Uros Spajic': ['Russia', 'Belgium', 'France', 'Serbia', 'Netherlands', 'Türkiye', 'Serbia'], 'Filip Mladenovic': ['Poland', 'Poland', 'Belarus', 'Serbia', 'Greece', 'Serbia', 'Germany', 'Belgium', 'Poland'], 'Sasa Zdjelar': ['Serbia', 'Russia', 'Serbia', 'Greece', 'Spain'], 'Srdjan Mijailovic': ['Serbia', 'Türkiye', 'Russia', 'Serbia'], 'Sergej Milinković-Savić': ['Italy', 'Saudi Arabia', 'Belgium', 'Serbia'], 'Lazar Samardžić': ['Italy', 'Germany', 'Germany', 'Germany', 'Germany', 'Germany'], 'Ivan Ilić': ['Italy', 'Italy', 'Netherlands', 'Serbia', 'Serbia'], 'Saša Lukić': ['Italy', 'England', 'Serbia', 'Serbia', 'Spain'], 'Nemanja Maksimovic': ['Spain', 'Kazakhstan', 'Slovenia', 'Spain'], 'Filip Kostić': ['Germany', 'Italy', 'Germany', 'Germany', 'Serbia', 'Netherlands', 'Netherlands'], 'Mijat Gacinovic': ['Germany', 'Greece', 'Serbia', 'Germany', 'Greece'], 'Veljko Birmancevic': ['Serbia', 'Sweden', 'Czech Republic', 'France', 'Serbia', 'Serbia', 'Serbia'], 'Dusan Tadic': ['Netherlands', 'England', 'Serbia', 'Netherlands', 'Netherlands', 'Türkiye'], 'Nemanja Radonjic': ['France', 'Serbia', 'Italy', 'Serbia', 'Spain', 'Germany', 'Portugal', 'Italy'], 'Aleksandar Cirkovic': ['Serbia', 'Austria', 'Serbia', 'Austria', 'Russia', 'Serbia', 'Austria', 'Austria'], 'Matija Gluscevic': ['Serbia', 'Serbia', 'Serbia', 'Serbia', 'Serbia', 'Serbia', 'Serbia', 'Serbia'], 'Andrija Zivkovic': ['Greece', 'Serbia', 'Portugal'], 'Samed Bazdar': ['Serbia', 'Serbia', 'Serbia'], 'Dušan Vlahović': ['Italy', 'Italy', 'Serbia', 'Italy'], 'Aleksandar Mitrovic': ['England', 'Belgium', 'England', 'Saudi Arabia', 'Serbia', 'Serbia'], 'Luka Jović': ['Germany', 'Spain', 'Italy', 'Serbia', 'Italy', 'Portugal', 'Portugal'], 'Petar Ratkov': ['Serbia', 'Austria', 'Serbia'], 'Mihailo Ivanovic': ['Serbia', 'Italy', 'Serbia', 'Serbia', 'Italy']}"
Croatia,"{'Dominik Livakovic': ['Croatia', 'Croatia', 'Türkiye', 'Croatia', 'Croatia'], 'Nediljko Labrovic': ['Croatia', 'Croatia'], 'Ivica Ivusic': ['Croatia', 'Cyprus', 'Croatia', 'Italy', 'Italy', 'Croatia'], 'Josip Stanisic': ['Germany', 'Germany', 'Germany', 'Germany', 'Germany'], 'Josip Sutalo': ['Croatia', 'Netherlands', 'Croatia', 'Croatia', 'Croatia'], 'Marin Pongracic': ['Austria', 'Italy', 'Germany', 'Germany', 'Germany', 'Germany', 'Germany', 'Germany'], 'Martin Erlić': ['Italy', 'Italy', 'Italy', 'Italy', 'Italy', 'Italy'], 'Domagoj Vida': ['Türkiye', 'Ukraine', 'Croatia', 'Greece', 'Croatia', 'Germany'], 'Josko Gvardiol': ['Germany', 'Croatia', 'England', 'Croatia', 'Croatia'], 'Borna Sosa': ['Germany', 'Croatia', 'Netherlands', 'Croatia', 'Croatia'], 'Josip Juranovic': ['Croatia', 'Scotland', 'Germany', 'Poland'], 'Marcelo Brozovic': ['Italy', 'Croatia', 'Saudi Arabia', 'Croatia', 'Croatia'], 'Mateo Kovacic': ['England', 'Spain', 'Italy', 'Croatia', 'England', 'Italy'], 'Luka Sucic': ['Austria', 'Austria', 'Austria', 'Austria'], 'Mario Pasalic': ['Italy', 'Croatia', 'Spain', 'Russia', 'Monaco', 'Italy'], 'Luka Modric': ['Spain', 'England', 'Croatia'], 'Ivan Perisic': ['Italy', 'Belgium', 'Germany', 'Germany', 'England', 'Germany', 'Belgium', 'Croatia', 'France'], 'Lovro Majer': ['Croatia', 'France', 'Croatia', 'Germany', 'Croatia'], 'Martin Baturina': ['Croatia', 'Croatia'], 'Nikola Vlašić': ['Croatia', 'Russia', 'Italy', 'England', 'England', 'England'], 'Luka Ivanusec': ['Croatia', 'Croatia', 'Netherlands'], 'Marko Pjaca': ['Croatia', 'Croatia', 'Italy', 'Croatia', 'Italy', 'Italy', 'Italy', 'Italy', 'Germany', 'Belgium', 'Italy'], 'Marco Pasalic': ['Germany', 'Croatia', 'Germany', 'Germany', 'Germany', 'Germany'], 'Andrej Kramaric': ['Germany', 'Croatia', 'Croatia', 'Croatia', 'England', 'England'], 'Ante Budimir': ['Spain', 'Italy', 'Croatia', 'Spain', 'Croatia', 'Germany', 'Italy', 'Germany'], 'Bruno Petkovic': ['Croatia', 'Italy', 'Italy', 'Italy', 'Italy', 'Italy', 'Italy', 'Italy', 'Italy']}"
Switzerland,"{'Gregor Kobel': ['Germany', 'Germany', 'Germany', 'Germany', 'Germany', 'Switzerland', 'Germany', 'Switzerland', 'Switzerland'], 'Yann Sommer': ['Germany', 'Switzerland', 'Liechtenstein', 'Italy', 'Switzerland', 'Switzerland', 'Germany'], 'Pascal Loretz': ['Switzerland', 'Switzerland', 'Switzerland', 'Switzerland'], 'Yvon Mvogo': ['Switzerland', 'France', 'Netherlands', 'Switzerland', 'Switzerland', 'Germany'], 'Marvin Keller': ['Switzerland', 'Switzerland', 'Switzerland', 'Switzerland', 'Switzerland', 'Switzerland', 'Switzerland', 'Switzerland'], 'Manuel Akanji': ['Germany', 'England', 'Switzerland', 'Switzerland', 'Switzerland', 'Switzerland', 'Switzerland'], 'Fabian Schär': ['England', 'Switzerland', 'Switzerland', 'Germany', 'Spain', 'England', 'Switzerland'], 'Nico Elvedi': ['Germany', 'Switzerland', 'Switzerland', 'Switzerland', 'Germany', 'Switzerland'], 'Aurèle Amenda': ['Switzerland', 'Switzerland', 'Switzerland', 'Switzerland', 'Switzerland'], 'Cédric Zesiger': ['Switzerland', 'Switzerland', 'Switzerland', 'Germany', 'Switzerland', 'Switzerland', 'Switzerland'], 'Becir Omeragic': ['Switzerland', 'France', 'Switzerland', 'Switzerland'], 'Ricardo Rodríguez': ['Germany', 'Italy', 'Italy', 'Switzerland', 'Switzerland', 'Netherlands', 'Switzerland'], 'Albian Hajdari': ['Switzerland', 'Switzerland', 'Switzerland', 'Switzerland'], 'Leonidas Stergiou': ['Switzerland', 'Germany', 'Switzerland', 'Switzerland'], 'Bryan Okoh': ['Austria', 'Austria', 'Austria', 'Switzerland', 'Austria'], 'Ulisses Garcia': ['Switzerland', 'Switzerland', 'Switzerland', 'Germany', 'France', 'Germany', 'Switzerland', 'Switzerland', 'Germany'], 'Silvan Widmer': ['Italy', 'Switzerland', 'Germany', 'Switzerland', 'Switzerland', 'Switzerland'], 'Kevin Mbabu': ['Switzerland', 'Germany', 'Switzerland', 'Germany', 'England', 'Switzerland', 'England', 'England', 'Switzerland', 'Switzerland'], 'Denis Zakaria': ['Germany', 'Switzerland', 'Monaco', 'Switzerland', 'Switzerland', 'Italy', 'Switzerland', 'England', 'Switzerland'], 'Granit Xhaka': ['England', 'Germany', 'Switzerland', 'Germany', 'Switzerland', 'Switzerland'], 'Ardon Jashari': ['Switzerland', 'Switzerland', 'Switzerland', 'Switzerland'], 'Remo Freuler': ['Italy', 'Switzerland', 'Switzerland', 'Italy', 'England', 'Switzerland', 'Switzerland', 'Switzerland', 'Switzerland', 'Switzerland'], 'Michel Aebischer': ['Switzerland', 'Italy', 'Switzerland', 'Switzerland', 'Switzerland'], 'Vincent Sierro': ['Switzerland', 'France', 'Switzerland', 'Switzerland', 'Switzerland', 'Switzerland', 'Germany', 'Germany', 'France'], 'Uran Bislimi': ['Switzerland', 'Switzerland', 'Switzerland', 'Switzerland', 'Switzerland', 'Switzerland'], 'Joël Monteiro': ['Switzerland', 'Switzerland', 'Switzerland', 'Switzerland', 'Switzerland', 'Switzerland', 'Switzerland'], 'Filip Ugrinic': ['Switzerland', 'Switzerland', 'Switzerland', 'Switzerland', 'Netherlands', 'Netherlands'], 'Fabian Rieder': ['Switzerland', 'Switzerland', 'France', 'Switzerland', 'Switzerland', 'Switzerland'], 'Xherdan Shaqiri': ['Switzerland', 'England', 'Germany', 'United States', 'England', 'Italy', 'Switzerland', 'France'], 'Noah Okafor': ['Austria', 'Switzerland', 'Italy', 'Switzerland', 'Switzerland', 'Switzerland', 'Switzerland'], 'Steven Zuber': ['Switzerland', 'Germany', 'Greece', 'Russia', 'Switzerland', 'Germany', 'Germany', 'Germany', 'Switzerland', 'Russia'], 'Dan Ndoye': ['Switzerland', 'Switzerland', 'France', 'Italy', 'Switzerland', 'Switzerland', 'Switzerland'], 'Rubén Vargas': ['Germany', 'Switzerland', 'Switzerland', 'Switzerland', 'Switzerland'], 'Renato Steffen': ['Germany', 'Switzerland', 'Switzerland', 'Switzerland', 'Switzerland', 'Switzerland', 'Switzerland', 'Switzerland', 'Switzerland'], 'Zeki Amdouni': ['Switzerland', 'Switzerland', 'Switzerland', 'Switzerland', 'England'], 'Breel Embolo': ['Germany', 'Switzerland', 'Germany', 'Monaco', 'Switzerland', 'Switzerland', 'Switzerland', 'Germany', 'Switzerland'], 'Andi Zeqiri': ['Switzerland', 'Switzerland', 'Belgium', 'Italy', 'Germany', 'Switzerland', 'England', 'Switzerland', 'Italy'], 'Kwadwo Duah': ['Switzerland', 'Switzerland', 'Germany', 'Bulgaria', 'Switzerland', 'Switzerland', 'Switzerland', 'Switzerland', 'Switzerland', 'Switzerland', 'Switzerland', 'Switzerland', 'Switzerland']}"
Austria,"{'Tobias Lawal': ['Austria', 'Austria', 'Austria'], 'Niklas Hedl': ['Austria', 'Austria', 'Austria'], 'Patrick Pentz': ['Austria', 'Denmark', 'Austria', 'Austria', 'France', 'Germany', 'Austria', 'Austria'], 'Heinz Lindner': ['Austria', 'Switzerland', 'Switzerland', 'Austria', 'Switzerland', 'Germany', 'Austria', 'Germany', 'Belgium', 'Switzerland'], 'Kevin Danso': ['France', 'Germany', 'Germany', 'Germany', 'England', 'Germany'], 'Philipp Lienhart': ['Germany', 'Spain', 'Austria', 'Austria', 'Spain', 'Spain'], 'Maximilian Wöber': ['Austria', 'Netherlands', 'Austria', 'Germany', 'Austria', 'England', 'Spain', 'Austria', 'Austria', 'Netherlands'], 'Flavius Daniliuc': ['France', 'Germany', 'Italy', 'Germany', 'Austria', 'Germany', 'Germany'], 'Leopold Querfeld': ['Austria', 'Austria', 'Austria', 'Austria'], 'Gernot Trauner': ['Austria', 'Austria', 'Netherlands', 'Austria', 'Austria'], 'Stefan Posch': ['Germany', 'Italy', 'Germany', 'Austria', 'Germany', 'Austria'], 'Stefan Lainer': ['Austria', 'Germany', 'Austria', 'Austria', 'Austria', 'Austria', 'Austria'], 'Phillipp Mwene': ['Netherlands', 'Germany', 'Germany', 'Germany', 'Germany', 'Germany'], 'Florian Grillitsch': ['Germany', 'Germany', 'Austria', 'Germany', 'Netherlands', 'Germany', 'Austria'], 'Konrad Laimer': ['Germany', 'Austria', 'Germany', 'Austria', 'Austria', 'Austria'], 'Marcel Sabitzer': ['Germany', 'Austria', 'Germany', 'Austria', 'Austria', 'Austria', 'Germany', 'England', 'Austria'], 'Nicolas Seiwald': ['Austria', 'Austria', 'Austria', 'Germany', 'Austria', 'Austria'], 'Alexander Prass': ['Austria', 'Austria', 'Austria', 'Austria', 'Austria'], 'Christoph Baumgartner': ['Germany', 'Austria', 'Germany', 'Germany', 'Germany'], 'Romano Schmid': ['Germany', 'Austria', 'Austria', 'Austria', 'Austria', 'Austria', 'Austria', 'Austria', 'Austria'], 'Florian Kainz': ['Germany', 'Austria', 'Austria', 'Germany', 'Austria', 'Austria', 'Germany'], 'Thierno Ballo': ['Austria', 'England', 'England', 'Germany', 'Austria', 'England'], 'Matthias Seidl': ['Austria', 'Austria', 'Austria'], 'Andreas Weimann': ['England', 'England', 'England', 'England', 'England', 'England', 'England', 'Austria', 'England', 'Austria'], 'Marco Grüll': ['Austria', 'Austria', 'Austria'], 'Patrick Wimmer': ['Austria', 'Germany', 'Germany', 'Austria', 'Austria'], 'Michael Gregoritsch': ['Germany', 'Germany', 'Germany', 'Austria', 'Austria', 'Germany', 'Germany', 'Germany', 'Germany', 'Germany', 'Germany'], 'Marko Arnautovic': ['England', 'Germany', 'England', 'Netherlands', 'Italy', 'China', 'Italy', 'Austria', 'Italy'], 'Maximilian Entrup': ['Austria', 'Austria', 'Austria', 'Austria', 'Austria', 'Austria', 'Austria', 'Austria', 'Austria', 'Austria']}"
Scotland,"{'Angus Gunn': ['England', 'England', 'England', 'England', 'England', 'England', 'England', 'England', 'England'], 'Zander Clark': ['Scotland', 'Scotland', 'Scotland', 'Scotland'], 'Liam Kelly': ['Scotland', 'Scotland', 'England', 'Scotland', 'Scotland'], 'Craig Gordon': ['Scotland', 'Scotland', 'England', 'England', 'Scotland'], 'Scott McKenna': ['Scotland', 'England', 'Scotland', 'Denmark', 'Scotland', 'Scotland'], 'Ryan Porteous': ['Scotland', 'England', 'Scotland', 'Scotland', 'Scotland'], 'Jack Hendry': ['Belgium', 'Belgium', 'Saudi Arabia', 'Scotland', 'Scotland', 'England', 'England', 'Italy', 'Scotland', 'England', 'Belgium', 'Australia'], 'John Souttar': ['Scotland', 'Scotland', 'Scotland'], 'Liam Cooper': ['England', 'England', 'England', 'England', 'England', 'England', 'England'], 'Grant Hanley': ['England', 'England', 'England', 'England', 'England'], 'Andrew Robertson': ['England', 'England', 'Scotland', 'Scotland'], 'Kieran Tierney': ['Scotland', 'England', 'Spain', 'Scotland', 'England'], 'Greg Taylor': ['Scotland', 'Scotland'], 'Anthony Ralston': ['Scotland', 'Scotland', 'Scotland', 'Scotland', 'Scotland', 'Scotland', 'Scotland'], 'Scott McTominay': ['England', 'England', 'England'], 'Billy Gilmour': ['England', 'England', 'England', 'England', 'England', 'England'], 'Ross McCrorie': ['Scotland', 'Scotland', 'England', 'England', 'Scotland', 'Scotland', 'Scotland'], 'John McGinn': ['England', 'Scotland', 'Scotland'], 'Callum McGregor': ['Scotland', 'England'], 'Stuart Armstrong': ['England', 'Scotland', 'Scotland'], 'Ryan Jack': ['Scotland', 'Scotland'], 'Kenny McLean': ['England', 'Scotland', 'Scotland', 'Scotland', 'England'], 'Ryan Christie': ['Scotland', 'England', 'Scotland', 'Scotland'], 'Ben Doak': ['England', 'England', 'England', 'England', 'Scotland'], 'James Forrest': ['Scotland'], 'Ché Adams': ['England', 'England', 'England', 'England'], 'Lawrence Shankland': ['Scotland', 'Scotland', 'Scotland', 'Scotland', 'Scotland', 'Belgium', 'Scotland', 'Scotland', 'Scotland'], 'Lyndon Dykes': ['England', 'Scotland', 'Scotland']}"
Poland,"{'Marcin Bulka': ['France', 'England', 'France', 'England', 'England', 'Spain', 'France', 'France', 'England'], 'Wojciech Szczęsny': ['Italy', 'England', 'Italy', 'England', 'England'], 'Lukasz Skorupski': ['Italy', 'Italy', 'Poland', 'Italy', 'Poland', 'Italy'], 'Jan Bednarek': ['England', 'Poland', 'Poland', 'England', 'England'], 'Pawel Bochniewicz': ['Netherlands', 'Poland', 'Spain', 'Italy', 'Italy', 'Italy', 'Italy'], 'Paweł Dawidowicz': ['Italy', 'Portugal', 'Poland', 'Italy', 'Germany', 'Italy'], 'Sebastian Walukiewicz': ['Italy', 'Italy', 'Poland', 'Poland', 'Poland', 'Poland', 'Italy', 'Poland'], 'Bartosz Salamon': ['Poland', 'Italy', 'Italy', 'Italy', 'Italy', 'Italy', 'Italy', 'Italy', 'Italy', 'Italy', 'Italy'], 'Jakub Kiwior': ['Slovakia', 'Italy', 'England', 'Slovakia', 'Slovakia', 'Belgium', 'England'], 'Tymoteusz Puchacz': ['Poland', 'Poland', 'Germany', 'Poland', 'Poland', 'Poland', 'Greece', 'Türkiye', 'Germany'], 'Bartosz Bereszyński': ['Italy', 'Poland', 'Poland', 'Italy', 'Poland', 'Italy'], 'Bartosz Slisz': ['Poland', 'Poland', 'Poland', 'Poland', 'United States', 'Poland'], 'Damian Szymanski': ['Greece', 'Poland', 'Poland', 'Poland', 'Russia', 'Poland'], 'Jakub Piotrowski': ['Bulgaria', 'Germany', 'Poland', 'Belgium', 'Poland', 'Poland', 'Belgium', 'Poland', 'Bulgaria', 'Germany'], 'Taras Romanczuk': ['Poland', 'Poland', 'Poland'], 'Piotr Zieliński': ['Italy', 'Italy', 'Italy', 'Italy'], 'Jakub Moder': ['England', 'Poland', 'Poland', 'Poland', 'Poland', 'England'], 'Przemyslaw Frankowski': ['Poland', 'France', 'United States', 'Poland'], 'Pawel Wszolek': ['Poland', 'England', 'Poland', 'Italy', 'Italy', 'Poland', 'Germany'], 'Nicola Zalewski': ['Italy', 'Italy', 'Italy', 'Italy'], 'Sebastian Szymanski': ['Poland', 'Russia', 'Türkiye', 'Netherlands', 'Poland', 'Poland', 'Poland'], 'Kamil Grosicki': ['Poland', 'England', 'Türkiye', 'France', 'Poland', 'England', 'Poland', 'Switzerland', 'Switzerland', 'England', 'France'], 'Robert Lewandowski': ['Germany', 'Germany', 'Spain', 'Poland', 'Poland'], 'Karol Świderski': ['Greece', 'Poland', 'United States', 'Italy', 'Poland'], 'Adam Buksa': ['United States', 'Poland', 'Türkiye', 'Poland', 'Poland', 'Italy', 'France', 'Poland', 'France'], 'Krzysztof Piatek': ['Poland', 'Poland', 'Germany', 'Italy', 'Türkiye', 'Italy', 'Italy', 'Italy', 'Poland', 'Poland']}"
Hungary,"{'Péter Gulácsi': ['Germany', 'Austria', 'England', 'England', 'England', 'England', 'Germany', 'England'], 'Dénes Dibusz': ['Hungary', 'Hungary'], 'Péter Szappanos': ['Hungary', 'Hungary', 'Hungary', 'Hungary', 'Hungary', 'Hungary'], 'Willi Orbán': ['Germany', 'Germany', 'Germany', 'Germany', 'Germany'], 'Attila Szalai': ['Türkiye', 'Hungary', 'Austria', 'Cyprus', 'Austria', 'Germany', 'Germany', 'Austria'], 'Márton Dárdai': ['Germany', 'Germany', 'Germany', 'Germany'], 'Botond Balogh': ['Italy', 'Italy'], 'Ádám Lang': ['Cyprus', 'Hungary', 'Hungary', 'Hungary', 'Romania', 'France', 'Hungary', 'France'], 'Milos Kerkez': ['Netherlands', 'England', 'Italy', 'Hungary', 'Netherlands', 'Italy'], 'Zsolt Nagy': ['Hungary', 'Hungary', 'Hungary'], 'Loïc Nego': ['Hungary', 'Hungary', 'France', 'Italy', 'France', 'Belgium', 'England'], 'Endre Botka': ['Hungary', 'Hungary', 'Hungary', 'Hungary'], 'Attila Fiola': ['Hungary', 'Hungary', 'Hungary', 'Hungary'], 'Ádám Nagy': ['Italy', 'England', 'Italy', 'Hungary', 'Italy'], 'Dominik Szoboszlai': ['Germany', 'Austria', 'England', 'Austria', 'Austria', 'Austria'], 'András Schäfer': ['Slovakia', 'Germany', 'Hungary', 'Italy', 'Italy', 'Italy', 'Italy'], 'Callum Styles': ['England', 'England', 'England', 'England', 'England'], 'Mihály Kata': ['Hungary', 'Hungary'], 'Bendegúz Bolla': ['Switzerland', 'Hungary', 'Switzerland', 'Hungary', 'Hungary'], 'Dániel Gazdag': ['Hungary', 'United States'], 'László Kleinheisler': ['Croatia', 'Kazakhstan', 'Hungary', 'Hungary', 'Greece', 'Hungary', 'Croatia', 'Germany', 'Germany'], 'Krisztofer Horváth': ['Hungary', 'Hungary', 'Hungary', 'Italy', 'Italy', 'Hungary', 'Italy', 'Italy', 'Italy'], 'Roland Sallai': ['Germany', 'Hungary', 'Cyprus', 'Italy', 'Hungary', 'Germany'], 'Kevin Csoboth': ['Hungary', 'Portugal', 'Hungary', 'Portugal', 'Hungary', 'Portugal'], 'Barnabás Varga': ['Hungary', 'Austria', 'Hungary', 'Hungary', 'Austria', 'Austria', 'Austria'], 'Martin Ádám': ['Hungary', 'Hungary', 'South', 'Hungary']}"
Georgia,"{'Giorgi Mamardashvili': ['Spain', 'Georgia', 'Georgia', 'Georgia'], 'Luka Gugeshashvili': ['Georgia', 'Azerbaijan', 'Poland', 'Spain', 'Georgia'], 'Giorgi Loria': ['Georgia', 'Cyprus', 'Russia', 'Greece', 'Russia', 'Germany', 'Russia'], 'Luka Lochoshvili': ['Austria', 'Georgia', 'Italy', 'Slovakia', 'Slovakia', 'Georgia'], 'Lasha Dvali': ['Hungary', 'Cyprus', 'Poland', 'Latvia', 'Poland', 'Kazakhstan', 'Türkiye', 'Germany', 'Germany', 'Poland'], 'Solomon Kvirkvelia': ['Russia', 'Russia', 'Azerbaijan', 'Saudi Arabia', 'Russia', 'Russia', 'Russia', 'Georgia', 'Russia', 'Ukraine'], 'Jemal Tabidze': ['Russia', 'Georgia', 'Greece', 'Russia', 'Georgia', 'Russia'], 'Giorgi Gvelesiani': ['Georgia', 'Iran', 'Iran', 'Iran', 'Iran', 'Georgia'], 'Guram Kashia': ['Netherlands', 'Slovakia', 'Georgia', 'United States', 'Georgia', 'Netherlands'], 'Giorgi Gocholeishvili': ['Georgia', 'Ukraine'], 'Anzor Mekvabishvili': ['Georgia', 'Romania'], 'Nika Kvekveskiri': ['Poland', 'Kazakhstan', 'Georgia', 'Azerbaijan', 'Georgia', 'Georgia', 'Azerbaijan', 'Georgia', 'Georgia'], 'Jaba Kankava': ['Ukraine', 'Slovakia', 'Kazakhstan', 'France', 'Ukraine', 'Ukraine', 'Russia', 'France', 'Georgia', 'Russia', 'France'], 'Giorgi Kochorashvili': ['Spain', 'Spain', 'Spain', 'Spain', 'Georgia', 'Georgia'], 'Sandro Altunashvili': ['Georgia', 'Georgia', 'Austria', 'Georgia'], 'Otar Kakabadze': ['Poland', 'Georgia', 'Spain', 'Switzerland', 'Spain', 'Denmark', 'Georgia', 'Poland', 'Switzerland'], 'Otar Kiteishvili': ['Austria', 'Georgia', 'Georgia'], 'Giorgi Chakvetadze': ['Belgium', 'Slovakia', 'England', 'Georgia', 'Germany', 'Georgia'], 'Khvicha Kvaratskhelia': ['Italy', 'Russia', 'Georgia', 'Georgia', 'Russia', 'Georgia'], 'Saba Lobjanidze': ['Denmark', 'Türkiye', 'Georgia', 'Türkiye', 'United States', 'Georgia', 'Türkiye', 'Denmark', 'Georgia'], 'Georgiy Tsitaishvili': ['Georgia', 'Ukraine', 'Poland', 'Ukraine', 'Ukraine', 'Poland', 'Poland', 'Ukraine'], 'Zuriko Davitashvili': ['France', 'Georgia', 'Russia', 'Russia', 'Russia', 'Georgia', 'Georgia', 'Georgia'], 'Levan Shengelia': ['Türkiye', 'Greece', 'Georgia', 'Belgium', 'South', 'Belgium', 'Georgia', 'Georgia', 'Georgia'], 'Georges Mikautadze': ['France', 'Belgium', 'France', 'Netherlands'], 'Giorgi Kvilitaia': ['Cyprus', 'Austria', 'Belgium', 'Georgia', 'Cyprus', 'Hungary', 'Georgia', 'Georgia', 'Hungary', 'Georgia', 'Austria'], 'Budu Zivzivadze': ['Hungary', 'Georgia', 'Germany', 'Georgia', 'Hungary', 'Georgia', 'Denmark', 'Hungary', 'Georgia', 'Denmark']}"
Czech Republic,"{'Matej Kovar': ['England', 'Czech Republic', 'England', 'Germany', 'England', 'England', 'England', 'Czech Republic', 'England'], 'Vitezslav Jaros': ['Ireland', 'England', 'Austria', 'England', 'England', 'England', 'England', 'England'], 'Jindrich Stanek': ['Czech Republic', 'Czech Republic', 'Czech Republic', 'Czech Republic', 'Czech Republic', 'England', 'Czech Republic', 'Czech Republic', 'England'], 'Ladislav Krejci': ['Czech Republic', 'Czech Republic', 'Czech Republic'], 'David Zima': ['Czech Republic', 'Italy', 'Czech Republic', 'Czech Republic', 'Czech Republic', 'Czech Republic'], 'Tomas Vlcek': ['Czech Republic', 'Czech Republic', 'Czech Republic', 'Czech Republic', 'Czech Republic', 'Czech Republic'], 'Robin Hranac': ['Czech Republic', 'Czech Republic', 'Czech Republic', 'Slovakia', 'Czech Republic', 'Czech Republic'], 'Tomas Holes': ['Czech Republic', 'Czech Republic', 'Czech Republic', 'Czech Republic', 'Czech Republic', 'Czech Republic'], 'David Jurásek': ['Czech Republic', 'Czech Republic', 'Czech Republic', 'Czech Republic', 'Germany', 'Portugal', 'Czech Republic', 'Czech Republic', 'Czech Republic', 'Czech Republic'], 'Jaroslav Zelený': ['Czech Republic', 'Czech Republic', 'Czech Republic', 'Czech Republic', 'Czech Republic', 'Czech Republic', 'Czech Republic', 'Czech Republic'], 'Adam Gabriel': ['Czech Republic', 'Czech Republic', 'Denmark', 'Czech Republic', 'Czech Republic', 'Denmark', 'Czech Republic'], 'Tomas Soucek': ['England', 'Czech Republic', 'Czech Republic', 'Czech Republic', 'Czech Republic'], 'Michal Sadílek': ['Netherlands', 'Netherlands', 'Netherlands', 'Czech Republic', 'Netherlands', 'Netherlands', 'Netherlands'], 'David Doudera': ['Czech Republic', 'Czech Republic', 'Czech Republic', 'Czech Republic', 'Czech Republic', 'Czech Republic'], 'Lukas Provod': ['Czech Republic', 'Czech Republic', 'Czech Republic', 'Czech Republic', 'Czech Republic', 'Czech Republic'], 'Antonín Barák': ['Italy', 'Italy', 'Italy', 'Czech Republic', 'Czech Republic', 'Czech Republic', 'Italy', 'Czech Republic', 'Czech Republic', 'Czech Republic'], 'Pavel Sulc': ['Czech Republic', 'Czech Republic', 'Czech Republic', 'Czech Republic', 'Czech Republic', 'Czech Republic', 'Czech Republic', 'Czech Republic', 'Czech Republic'], 'Ondrej Lingr': ['Czech Republic', 'Czech Republic', 'Netherlands', 'Czech Republic'], 'Matej Jurasek': ['Czech Republic', 'Czech Republic', 'Czech Republic', 'Czech Republic', 'Czech Republic', 'Czech Republic', 'Czech Republic'], 'Adam Hlozek': ['Czech Republic', 'Germany', 'Czech Republic'], 'Patrik Schick': ['Germany', 'Italy', 'Italy', 'Czech Republic', 'Germany', 'Czech Republic', 'Czech Republic'], 'Mojmir Chytil': ['Czech Republic', 'Czech Republic', 'Czech Republic', 'Czech Republic'], 'Tomas Chory': ['Czech Republic', 'Czech Republic', 'Belgium', 'Czech Republic', 'Czech Republic']}"
Slovenia,"{'Jan Oblak': ['Spain', 'Slovenia', 'Portugal', 'Portugal', 'Portugal', 'Portugal', 'Portugal', 'Portugal'], 'Matevz Vidovsek': ['Slovenia', 'Italy', 'Italy', 'Italy'], 'Vid Belec': ['Cyprus', 'Italy', 'Italy', 'Italy', 'Italy', 'Portugal', 'Türkiye', 'Italy', 'Italy', 'Italy'], 'Igor Vekic': ['Slovenia', 'Portugal', 'Denmark', 'Denmark'], 'Jaka Bijol': ['Russia', 'Italy', 'Germany', 'Slovenia'], 'David Brekalo': ['Slovenia', 'Norway', 'United States'], 'Vanja Drkusic': ['Slovenia', 'Russia', 'Netherlands', 'Netherlands', 'Italy', 'Netherlands'], 'Miha Blazic': ['Hungary', 'Slovenia', 'Slovenia', 'Poland', 'France', 'United States'], 'Zan Zaletel': ['Slovenia', 'Denmark', 'Slovenia', 'Denmark'], 'Jure Balkovec': ['Slovenia', 'Türkiye', 'Türkiye', 'Italy', 'Slovenia', 'Italy', 'Italy', 'Slovenia', 'Slovenia'], 'Erik Janza': ['Poland', 'Slovenia', 'Slovenia', 'Slovenia', 'Cyprus', 'Croatia', 'Czech Republic', 'Czech Republic'], 'Petar Stojanović': ['Croatia', 'Slovenia', 'Italy', 'Italy', 'Slovenia', 'Slovenia', 'Croatia'], 'Zan Karnicnik': ['Slovenia', 'Slovenia', 'Bulgaria', 'Bulgaria', 'Slovenia'], 'Jon Gorenc Stankovic': ['Austria', 'Germany', 'England', 'Slovenia', 'Germany', 'Germany', 'Germany'], 'Adrian Zeljkovic': ['Slovakia', 'Slovenia', 'Slovenia'], 'Sandi Lovric': ['Switzerland', 'Austria', 'Italy', 'Austria', 'Austria'], 'Miha Zajc': ['Türkiye', 'Slovenia', 'Italy', 'Slovenia', 'Italy', 'Slovenia'], 'Adam Gnezda Cerin': ['Greece', 'Croatia', 'Slovenia', 'Germany', 'Slovenia'], 'Timi Max Elsnik': ['Slovenia', 'England', 'England', 'England', 'England', 'England'], 'Jasmin Kurtic': ['Italy', 'Italy', 'Greece', 'Italy', 'Italy', 'Italy', 'Slovenia', 'Italy', 'Italy', 'Romania', 'Slovenia', 'Italy', 'Italy'], 'Tomi Horvat': ['Slovenia', 'Austria', 'Slovenia'], 'Luka Zahovic': ['Slovenia', 'Poland', 'Netherlands', 'Slovenia', 'Netherlands', 'Slovenia'], 'Josip Ilicic': ['Italy', 'Italy', 'Italy', 'Slovenia', 'Slovenia'], 'Benjamin Verbic': ['Slovenia', 'Ukraine', 'Denmark', 'Greece', 'Poland', 'Slovenia', 'Denmark'], 'Nino Zugelj': ['Norway', 'Slovenia', 'Slovenia', 'Slovenia', 'Slovenia'], 'Benjamin Sesko': ['Austria', 'Austria', 'Germany', 'Austria', 'Austria'], 'Andraz Sporar': ['Slovenia', 'Greece', 'Slovakia', 'Portugal', 'England', 'Switzerland', 'Slovenia', 'Portugal', 'Germany', 'Switzerland'], 'Zan Celar': ['Switzerland', 'Italy', 'Italy', 'Italy', 'Italy', 'Slovenia', 'Italy'], 'Jan Mlakar': ['Croatia', 'Slovenia', 'Italy', 'Italy', 'England', 'Italy', 'Italy', 'England', 'Italy'], 'Zan Vipotnik': ['Slovenia', 'France', 'Slovenia', 'Slovenia', 'Slovenia']}"
Slovakia,"{'Marek Rodák': ['England', 'England', 'England', 'England', 'England', 'England'], 'Henrich Ravas': ['Poland', 'England', 'England', 'Slovakia', 'United States', 'England', 'England', 'Slovakia'], 'Martin Dúbravka': ['England', 'Slovakia', 'Denmark', 'Czech Republic', 'Czech Republic', 'England'], 'Dávid Hancko': ['Czech Republic', 'Netherlands', 'Slovakia', 'Slovakia', 'Italy'], 'Denis Vavro': ['Denmark', 'Slovakia', 'Italy', 'Slovakia', 'Spain', 'Denmark', 'Italy'], 'Adam Obert': ['Italy', 'Italy', 'Italy', 'Italy', 'Italy'], 'Norbert Gyömbér': ['Italy', 'Italy', 'Slovakia', 'Italy', 'Italy', 'Italy', 'Russia', 'Italy', 'Italy'], 'Lubomir Satka': ['Poland', 'Slovakia', 'England', 'Türkiye', 'England', 'Poland', 'England', 'England'], 'Vernon De Marco': ['Slovakia', 'Slovakia', 'Poland', 'United Arab Emirates', 'Poland', 'Slovakia'], 'Tomas Nemcik': ['Slovakia', 'Slovakia', 'Norway'], 'Michal Tomic': ['Czech Republic', 'Italy', 'Slovakia', 'Czech Republic', 'Czech Republic', 'Italy', 'Slovakia', 'Czech Republic', 'Czech Republic', 'Czech Republic', 'Italy'], 'Matus Kmet': ['Slovakia', 'Slovakia', 'Slovakia', 'Slovakia'], 'Peter Pekarík': ['Germany', 'Slovakia', 'Germany', 'Slovakia', 'Türkiye', 'Germany'], 'Stanislav Lobotka': ['Italy', 'Spain', 'Slovakia', 'Denmark', 'Netherlands', 'Netherlands'], 'László Bénes': ['Germany', 'Germany', 'Slovakia', 'Germany', 'Germany', 'Germany', 'Slovakia', 'Hungary'], 'Ondrej Duda': ['Poland', 'Germany', 'Germany', 'Italy', 'Slovakia', 'England', 'Germany'], 'Patrik Hrosovsky': ['Czech Republic', 'Belgium', 'Czech Republic', 'Czech Republic', 'Czech Republic', 'Czech Republic'], 'Tomas Rigo': ['Czech Republic', 'Czech Republic', 'Czech Republic', 'Czech Republic', 'Czech Republic'], 'Juraj Kucka': ['Italy', 'Slovakia', 'Italy', 'Italy', 'Czech Republic', 'Slovakia', 'Türkiye', 'England', 'Czech Republic'], 'Dominik Hollý': ['Slovakia', 'Czech Republic', 'Slovakia', 'Slovakia', 'Slovakia'], 'Tomas Suslov': ['Netherlands', 'Italy', 'Netherlands', 'Netherlands', 'Netherlands'], 'Lukas Haraslin': ['Poland', 'Czech Republic', 'Italy', 'Italy', 'Italy'], 'Leo Sauer': ['Netherlands', 'Netherlands', 'Slovakia', 'Slovakia', 'Netherlands', 'Slovakia', 'Netherlands'], 'Ivan Schranz': ['Slovakia', 'Czech Republic', 'Czech Republic', 'Czech Republic', 'Czech Republic', 'Slovakia', 'Cyprus', 'Czech Republic', 'Czech Republic'], 'Lubomir Tupta': ['Czech Republic', 'Italy', 'Italy', 'Italy', 'Switzerland', 'Italy', 'Poland', 'Italy', 'Czech Republic'], 'David Duris': ['Slovakia', 'Slovakia', 'Italy'], 'Róbert Mak': ['Greece', 'Germany', 'Russia', 'Australia', 'Hungary', 'England', 'Germany', 'Türkiye', 'England'], 'Róbert Bozeník': ['Portugal', 'Slovakia', 'Netherlands', 'Slovakia', 'Germany', 'Netherlands', 'Slovakia'], 'Aleksandar Cavric': ['Slovakia', 'Serbia', 'Denmark', 'Belgium', 'Japan', 'Serbia', 'Slovakia'], 'Róbert Polievka': ['Slovakia', 'Slovakia', 'Slovakia', 'Slovakia', 'Slovakia', 'Slovakia']}"
Albania,"{'Thomas Strakosha': ['Italy', 'Italy', 'Italy', 'England'], 'Elhan Kastrati': ['Italy', 'Italy', 'Albania', 'Italy', 'Italy', 'Italy'], 'Etrit Berisha': ['Sweden', 'Italy', 'Italy', 'Italy', 'Italy', 'Italy'], 'Alen Sherri': ['Albania', 'Albania', 'Albania'], 'Berat Djimsiti': ['Italy', 'Switzerland', 'Switzerland', 'Italy', 'Italy', 'Switzerland'], 'Marash Kumbulla': ['Italy', 'Italy', 'Italy', 'Italy', 'Italy'], 'Enea Mihaj': ['Portugal', 'Greece', 'Greece', 'Greece'], 'Jon Mersinaj': ['Croatia', 'Albania', 'Croatia'], 'Mario Mitaj': ['Russia', 'Greece', 'Greece', 'Greece'], 'Naser Aliji': ['Romania', 'Switzerland', 'Hungary', 'Switzerland', 'Liechtenstein', 'Switzerland', 'Germany', 'Italy', 'Romania'], 'Elseid Hysaj': ['Italy', 'Italy', 'Italy', 'Italy'], 'Iván Balliu': ['France', 'Spain', 'Portugal', 'Spain', 'Spain'], 'Frédéric Veseli': ['Italy', 'Switzerland', 'England', 'Italy', 'Türkiye', 'England', 'Italy', 'England', 'England', 'France', 'England', 'England'], 'Kristjan Asllani': ['Italy', 'Italy', 'Italy', 'Italy', 'Italy'], 'Ylber Ramadani': ['Denmark', 'Albania', 'Scotland', 'Italy', 'Hungary', 'Kosovo', 'Denmark'], 'Keidi Bare': ['Spain', 'Spain', 'Spain', 'Spain', 'Spain', 'Spain', 'Albania'], 'Qazim Laci': ['France', 'Greece', 'Czech Republic', 'Greece', 'Greece', 'Greece', 'Cyprus'], 'Ernest Muci': ['Poland', 'Albania', 'Türkiye'], 'Nedim Bajrami': ['Italy', 'Switzerland', 'Switzerland', 'Italy', 'Switzerland'], 'Myrto Uzuni': ['Spain', 'Croatia', 'Hungary', 'Albania', 'Albania', 'Albania'], 'Arbnor Mucolli': ['Denmark', 'Sweden', 'Denmark', 'Denmark'], 'Arbër Hoxha': ['Croatia', 'Kosovo', 'Kosovo', 'Croatia', 'Kosovo', 'Croatia', 'Kosovo', 'Kosovo'], 'Jasir Asani': ['Albania', 'North Macedonia', 'Hungary', 'South', 'North Macedonia', 'Sweden', 'North Macedonia'], 'Armando Broja': ['England', 'England', 'England', 'Netherlands', 'England', 'England', 'England'], 'Rey Manaj': ['Spain', 'Türkiye', 'Spain', 'Italy', 'Italy', 'Spain', 'Italy', 'Italy', 'Italy', 'England', 'Italy', 'Italy', 'Italy', 'Spain'], 'Taulant Seferi': ['Albania', 'Switzerland', 'Switzerland', 'North Macedonia', 'Ukraine', 'United Arab Emirates', 'Switzerland', 'Switzerland', 'Switzerland', 'Albania'], 'Sokol Cikalleshi': ['Türkiye', 'Türkiye', 'Türkiye', 'Albania', 'Albania', 'Croatia', 'Türkiye', 'Saudi Arabia', 'Albania', 'Türkiye', 'South', 'Albania']}"
Romania,"{'Ștefan Târnovanu': ['Romania', 'Romania', 'Romania', 'Romania', 'Romania'], 'Horațiu Moldovan': ['Romania', 'Romania', 'Romania', 'Romania', 'Romania', 'Spain', 'Romania'], 'Marian Aioani': ['Romania', 'Romania', 'Romania'], 'Florin Niță': ['Romania', 'Czech Republic', 'Romania', 'Türkiye', 'Czech Republic'], 'Radu Drăgușin': ['Italy', 'Italy', 'Italy', 'Italy', 'Italy', 'England', 'Italy', 'Italy', 'Italy'], 'Andrei Burcă': ['Romania', 'Romania', 'Romania', 'Saudi Arabia'], 'Bogdan Racovițan': ['Poland', 'Romania', 'France', 'Poland', 'France'], 'Ionuț Nedelcearu': ['Romania', 'Russia', 'Italy', 'Italy', 'Greece', 'Romania'], 'Adrian Rus': ['Hungary', 'Hungary', 'Cyprus', 'Italy', 'Romania'], 'Raul Opruț': ['Romania', 'Italy', 'Italy', 'Italy', 'Italy', 'Belgium', 'Italy', 'Italy'], 'Cristian Manea': ['Romania', 'Romania', 'Belgium', 'Romania'], 'Andrei Rațiu': ['Spain', 'Spain', 'Spain', 'Netherlands', 'Spain'], 'Adrian Șut': ['Romania', 'Romania', 'Romania', 'Romania'], 'Răzvan Marin': ['Belgium', 'Romania', 'Italy', 'Italy', 'Netherlands', 'Romania', 'Romania'], 'Marius Marin': ['Italy', 'Italy', 'Italy', 'Romania', 'Italy'], 'Darius Olaru': ['Romania', 'Romania'], 'Nicolae Stanciu': ['Romania', 'Czech Republic', 'Romania', 'Belgium', 'China', 'Czech Republic', 'Romania', 'Saudi Arabia', 'Saudi Arabia'], 'Alexandru Cicâldău': ['Romania', 'Romania', 'Türkiye', 'Türkiye', 'United Arab Emirates', 'Romania', 'Romania', 'Romania'], 'Florin Tănase': ['Romania', 'Romania', 'Saudi Arabia', 'United Arab Emirates', 'Romania'], 'Ianis Hagi': ['Scotland', 'Romania', 'Spain', 'Italy', 'Belgium', 'Italy'], 'Florinel Coman': ['Romania', 'Romania', 'Romania', 'Romania', 'Romania'], 'Valentin Mihăilă': ['Italy', 'Romania', 'Italy'], 'Dennis Man': ['Romania', 'Italy', 'Romania', 'Romania'], 'Olimpiu Moruțan': ['Romania', 'Romania', 'Italy', 'Türkiye', 'Türkiye', 'Romania', 'Romania'], 'Deian Sorescu': ['Romania', 'Poland', 'Romania', 'Romania', 'Türkiye', 'Romania'], 'Denis Drăguș': ['Belgium', 'Romania', 'Türkiye', 'Italy', 'Italy', 'Romania', 'Romania', 'Italy'], 'George Pușcaș': ['England', 'Italy', 'Italy', 'Italy', 'Italy', 'Italy', 'Italy', 'Italy', 'Romania', 'Italy', 'England'], 'Denis Alibec': ['Romania', 'Romania', 'Italy', 'Romania', 'Qatar', 'Romania', 'Romania', 'Türkiye', 'Greece', 'Belgium', 'Italy', 'Italy', 'Italy']}"
