Real Madrid,"{'Thibaut Courtois': ['Real Madrid', 'Atlético de Madrid', 'Chelsea FC', 'KRC Genk'], 'Andriy Lunin': ['Real Madrid', 'Zorya Lugansk', 'Dnipro Dnipropetrovsk (-2020)', 'Real Oviedo', 'CD Leganés', 'Real Valladolid CF'], 'Éder Militão': ['Real Madrid', 'São Paulo Futebol Clube', 'FC Porto'], 'Antonio Rüdiger': ['Chelsea FC', 'Real Madrid', 'VfB Stuttgart', 'AS Roma', 'Borussia Dortmund U17', 'VfB Stuttgart II', 'Borussia Dortmund U19', 'VfB Stuttgart U19', 'Chelsea FC U21', 'Roma U20'], 'David Alaba': ['Bayern Munich', 'Real Madrid', 'FC Bayern Munich II', 'FC Bayern Munich U19', 'TSG 1899 Hoffenheim', 'AKA Austria Wien U18', 'FC Bayern Munich U17', 'Young Violets Austria Wien', 'Austria Vienna'], 'Jesús Vallejo': ['Real Zaragoza', 'Granada CF', 'Real Madrid', 'Eintracht Frankfurt', 'Wolverhampton Wanderers'], 'Ferland Mendy': ['Real Madrid', 'Olympique Lyon', 'AC Le Havre B', 'Le Havre AC'], 'Fran García': ['Rayo Vallecano', 'Real Madrid Castilla', 'Real Madrid', 'Real Madrid UEFA U19'], 'Daniel Carvajal': ['Real Madrid', 'Real Madrid Castilla', 'Bayer 04 Leverkusen'], 'Lucas Vázquez': ['Real Madrid', 'Real Madrid Castilla', 'RCD Espanyol Barcelona'], 'Aurélien Tchouaméni': ['Real Madrid', 'AS Monaco', 'FC Girondins Bordeaux', 'FC Girondins Bordeaux UEFA U19'], 'Federico Valverde': ['Real Madrid', 'Real Madrid Castilla', 'Deportivo de La Coruña', 'CA Peñarol', 'Real Madrid UEFA U19'], 'Eduardo Camavinga': ['Real Madrid', 'Stade Rennais FC', 'Stade Rennais FC B'], 'Luka Modric': ['Real Madrid', 'Tottenham Hotspur', 'GNK Dinamo Zagreb'], 'Dani Ceballos': ['Real Madrid', 'Real Betis Balompié', 'Arsenal FC', 'Betis Deportivo Balompié'], 'Jude Bellingham': ['Borussia Dortmund', 'Real Madrid', 'Birmingham City', 'Birmingham City U18'], 'Brahim Díaz': ['AC Milan', 'Real Madrid', 'Manchester City U21', 'Manchester City', 'Manchester City UEFA U19', 'Manchester City U18'], 'Vinicius Junior': ['Real Madrid', 'CR Flamengo', 'Real Madrid Castilla'], 'Rodrygo': ['Real Madrid', 'Santos FC', 'Real Madrid Castilla'], 'Arda Güler': ['Fenerbahce', 'Fenerbahce SK U19', 'Real Madrid'], 'Kylian Mbappé': ['Paris Saint-Germain', 'AS Monaco', 'Real Madrid', 'AS Monaco U19', 'AS Monaco U21', 'AS Monaco UEFA U19'], 'Endrick': ['Sociedade Esportiva Palmeiras', 'SE Palmeiras São Paulo U20', 'Real Madrid']}"
FC Barcelona,"{'Marc-André ter Stegen': ['FC Barcelona', 'Borussia Mönchengladbach', 'Borussia Mönchengladbach U17', 'Borussia Mönchengladbach U19', 'Borussia Mönchengladbach II'], 'Iñaki Peña': ['FC Barcelona Atlètic', 'FC Barcelona', 'FC Barcelona UEFA U19', 'Galatasaray'], 'Ander Astralaga': ['FC Barcelona Atlètic', 'FC Barcelona UEFA U19', 'FC Barcelona'], 'Ronald Araujo': ['FC Barcelona', 'FC Barcelona Atlètic', 'CA Boston River', 'CA Rentistas'], 'Andreas Christensen': ['Chelsea FC', 'Borussia Mönchengladbach', 'FC Barcelona', 'Chelsea FC U21', 'Chelsea FC UEFA U19', 'Chelsea FC U18'], 'Pau Cubarsí': ['FC Barcelona', 'FC Barcelona Atlètic', 'FC Barcelona UEFA U19'], 'Eric García': ['FC Barcelona', 'Manchester City', 'Girona FC', 'Manchester City U18', 'Manchester City U21', 'Manchester City UEFA U19'], 'Iñigo Martínez': ['Real Sociedad', 'Athletic Bilbao', 'FC Barcelona', 'Real Sociedad B'], 'Alejandro Balde': ['FC Barcelona', 'FC Barcelona Atlètic', 'FC Barcelona UEFA U19'], 'Gerard Martín': ['UE Cornellà', 'FC Barcelona Atlètic', 'FC Barcelona'], 'Jules Koundé': ['Sevilla FC', 'FC Barcelona', 'FC Girondins Bordeaux', 'FC Girondins Bordeaux B', 'FC Girondins Bordeaux UEFA U19'], 'Héctor Fort': ['FC Barcelona Atlètic', 'FC Barcelona', 'FC Barcelona UEFA U19'], 'Marc Casadó': ['FC Barcelona Atlètic', 'FC Barcelona', 'FC Barcelona UEFA U19'], 'Marc Bernal': ['FC Barcelona Atlètic', 'FC Barcelona UEFA U19', 'FC Barcelona'], 'Gavi': ['FC Barcelona', 'FC Barcelona Atlètic'], 'Pedri': ['FC Barcelona', 'UD Las Palmas'], 'Frenkie de Jong': ['FC Barcelona', 'Ajax Amsterdam', 'Ajax Amsterdam U21', 'Willem II Tilburg U21', 'Willem II Tilburg', 'Willem II Tilburg U19'], 'Fermín López': ['FC Barcelona', 'Linares Deportivo', 'FC Barcelona UEFA U19', 'FC Barcelona Atlètic'], 'Dani Olmo': ['RB Leipzig', 'GNK Dinamo Zagreb', 'GNK Dinamo Zagreb II', 'GNK Dinamo Zagreb UEFA U19', 'FC Barcelona'], 'Pablo Torre': ['Racing Santander', 'Girona FC', 'FC Barcelona', 'FC Barcelona Atlètic', 'Rayo Cantabria'], 'Ansu Fati': ['FC Barcelona', 'Brighton & Hove Albion', 'FC Barcelona UEFA U19', 'FC Barcelona Atlètic'], 'Lamine Yamal': ['FC Barcelona', 'FC Barcelona UEFA U19', 'FC Barcelona Atlètic'], 'Raphinha': ['FC Barcelona', 'Vitória Guimarães SC', 'Leeds United', 'Sporting CP', 'Stade Rennais FC', 'Vitória Guimarães SC B', 'Leeds United U21', 'Avaí FC'], 'Ferran Torres': ['FC Barcelona', 'Valencia CF', 'Manchester City', 'Valencia Mestalla'], 'Robert Lewandowski': ['Bayern Munich', 'Borussia Dortmund', 'FC Barcelona', 'Lech Poznan', 'Znicz Pruszkow'], 'Pau Víctor': ['FC Barcelona Atlètic', 'CE Sabadell FC', 'Girona FC', 'FC Barcelona', 'Girona FC B']}"
Atlético de Madrid,"{'Jan Oblak': ['Atlético de Madrid', 'NK Olimpija Ljubljana', 'Rio Ave FC', 'SL Benfica', 'União de Leiria', 'SL Benfica B', 'SC Beira-Mar', 'SC Olhanense'], 'Juan Musso': ['Udinese Calcio', 'Atalanta BC', 'Racing Club', 'Atlético de Madrid'], 'Robin Le Normand': ['Real Sociedad', 'Real Sociedad B', 'Atlético de Madrid', 'Stade Brest 29 B', 'Stade Brestois 29'], 'José María Giménez': ['Atlético de Madrid', 'Danubio FC'], 'Clément Lenglet': ['FC Barcelona', 'AS Nancy-Lorraine', 'Sevilla FC', 'Tottenham Hotspur', 'Aston Villa', 'Atlético de Madrid'], 'Axel Witsel': ['Standard Liège', 'Zenit St. Petersburg', 'Borussia Dortmund', 'Atlético de Madrid', 'SL Benfica', 'Tianjin Tianhai (-2019)'], 'César Azpilicueta': ['Chelsea FC', 'CA Osasuna', 'Olympique Marseille', 'Atlético de Madrid', 'CA Osasuna Promesas'], 'Reinildo Mandava': ['LOSC Lille', 'Atlético de Madrid', 'SC Covilhã', 'B SAD', 'AD Fafe', 'SL Benfica B'], 'Javi Galán': ['Córdoba CF', 'SD Huesca', 'Celta de Vigo', 'Córdoba CF B', 'Real Sociedad', 'Atlético de Madrid'], 'Nahuel Molina': ['Atlético de Madrid', 'Udinese Calcio', 'CA Rosario Central', 'Defensa y Justicia', 'CA Boca Juniors'], 'Conor Gallagher': ['Chelsea FC', 'Chelsea FC U18', 'Crystal Palace', 'West Bromwich Albion', 'Charlton Athletic', 'Chelsea FC U21', 'Swansea City', 'Chelsea FC UEFA U19', 'Atlético de Madrid'], 'Rodrigo de Paul': ['Udinese Calcio', 'Atlético de Madrid', 'Racing Club', 'Valencia CF'], 'Pablo Barrios': ['Atlético de Madrid', 'Atlético de Madrid B', 'Atlético de Madrid UEFA U19'], 'Koke': ['Atlético de Madrid', 'Atlético de Madrid B'], 'Marcos Llorente': ['Atlético de Madrid', 'Real Madrid Castilla', 'Real Madrid', 'Deportivo Alavés', 'Real Madrid UEFA U19'], 'Samuel Lino': ['Gil Vicente FC', 'Atlético de Madrid', 'Valencia CF', 'São Bernardo FC'], 'Thomas Lemar': ['Atlético de Madrid', 'AS Monaco', 'SM Caen B', 'SM Caen'], 'Rodrigo Riquelme': ['Atlético de Madrid', 'CD Mirandés', 'Girona FC', 'Atlético de Madrid B', 'AFC Bournemouth', 'Atlético de Madrid UEFA U19'], 'Ángel Correa': ['Atlético de Madrid', 'CA San Lorenzo de Almagro'], 'Julián Alvarez': ['CA River Plate', 'Manchester City', 'Atlético de Madrid'], 'Antoine Griezmann': ['Atlético de Madrid', 'Real Sociedad', 'FC Barcelona'], 'Alexander Sørloth': ['Real Sociedad', 'Trabzonspor', 'FC Groningen', 'Villarreal CF', 'RB Leipzig', 'FK Bodø/Glimt', 'FC Midtjylland', 'KAA Gent', 'Crystal Palace', 'Rosenborg BK', 'Atlético de Madrid', 'FC Groningen U21'], 'Giuliano Simeone': ['Real Zaragoza', 'Deportivo Alavés', 'Atlético de Madrid B', 'Atlético de Madrid'], 'Borja Garcés': ['Atlético de Madrid B', 'CD Tenerife', 'CD Leganés', 'Elche CF', 'CF Fuenlabrada', 'Atlético de Madrid UEFA U19', 'Atlético de Madrid']}"
Real Sociedad,"{'Álex Remiro': ['Real Sociedad', 'Bilbao Athletic', 'SD Huesca', 'Levante UD', 'Athletic Bilbao'], 'Unai Marrero': ['Real Sociedad B', 'Real Sociedad C', 'Real Sociedad'], 'Nayef Aguerd': ['FUS Rabat', 'Stade Rennais FC', 'West Ham United', 'Dijon FCO', 'Dijon FCO B', 'Real Sociedad'], 'Igor Zubeldia': ['Real Sociedad', 'Real Sociedad B'], 'Jon Pacheco': ['Real Sociedad', 'Real Sociedad B'], 'Aritz Elustondo': ['Real Sociedad', 'Real Sociedad B'], 'Jon Martín': ['Real Sociedad B', 'Real Sociedad C', 'Real Sociedad', 'Real Sociedad UEFA U19'], 'Aihen Muñoz': ['Real Sociedad', 'Real Sociedad B'], 'Javi López': ['Deportivo Alavés', 'Deportivo Alavés B', 'Real Sociedad'], 'Hamari Traoré': ['Stade Rennais FC', 'Stade Reims', 'Lierse SK (-2018)', 'Real Sociedad', 'Paris FC'], 'Jon Aramburu': ['Deportivo La Guaira', 'Real Unión Club', 'Real Sociedad', 'Real Sociedad B'], 'Álvaro Odriozola': ['Real Sociedad B', 'Real Sociedad', 'Real Madrid', 'ACF Fiorentina', 'Real Sociedad UEFA U19', 'Bayern Munich'], 'Martín Zubimendi': ['Real Sociedad', 'Real Sociedad B'], 'Urko González de Zarate': ['Real Sociedad B', 'Real Sociedad'], 'Beñat Turrientes': ['Real Sociedad', 'Real Sociedad B'], 'Luka Sucic': ['Red Bull Salzburg', 'FC Liefering', 'AKA Red Bull Salzburg U18', 'Red Bull Salzburg UEFA U19', 'Real Sociedad'], 'Jon Ander Olasagasti': ['Real Sociedad B', 'Real Sociedad'], 'Brais Méndez': ['Celta de Vigo', 'Real Sociedad', 'RC Celta Fortuna'], 'Arsen Zakharyan': ['Dynamo Moscow', 'Real Sociedad', 'Dynamo 2 Moscow', 'Akademia Dynamo Moscow', 'Dynamo Moscow II'], 'Pablo Marín': ['Real Sociedad B', 'Real Sociedad', 'Real Sociedad C'], 'Magunacelaya': ['Real Sociedad B', 'Real Sociedad', 'Real Sociedad C'], 'Ander Barrenetxea': ['Real Sociedad', 'Real Sociedad B'], 'Sheraldo Becker': ['1.FC Union Berlin', 'ADO Den Haag', 'PEC Zwolle', 'Ajax Amsterdam U21', 'Real Sociedad', 'Ajax Amsterdam U19', 'Ajax Amsterdam UEFA U19', 'PEC Zwolle U21', 'ADO Den Haag U21'], 'Takefusa Kubo': ['Real Sociedad', 'RCD Mallorca', 'FC Tokyo Reserve', 'FC Tokyo', 'Villarreal CF', 'Getafe CF', 'Yokohama F. Marinos'], 'Sergio Gómez': ['SD Huesca', 'RSC Anderlecht', 'Manchester City', 'Borussia Dortmund II', 'Real Sociedad', 'Borussia Dortmund UEFA U19', 'Borussia Dortmund U19', 'Borussia Dortmund', 'FC Barcelona UEFA U19', 'FC Barcelona Atlètic'], 'Mikel Oyarzabal': ['Real Sociedad', 'Real Sociedad B'], 'Umar Sadiq': ['UD Almería', 'FK Partizan Belgrade', 'Real Sociedad', 'Spezia Primavera', 'AC Perugia Calcio', 'NAC Breda', 'Roma U20', 'AS Roma UEFA U19', 'Bologna FC 1909', 'AS Roma', 'Rangers FC', 'Torino FC', 'USD Lavagnese 1919', 'Rangers FC B', 'NAC Breda U21', 'Spezia Calcio'], 'Orri Óskarsson': ['FC Copenhagen', 'FC Copenhagen U19', 'Sönderjyske', 'ÍF Grótta', 'Real Sociedad', 'FC Copenhagen Reserves', 'FC Copenhagen UEFA U19']}"
Athletic Bilbao,"{'Unai Simón': ['Athletic Bilbao', 'Bilbao Athletic', 'Athletic Bilbao UEFA U19'], 'Julen Agirrezabala': ['Bilbao Athletic', 'Athletic Bilbao', 'CD Basconia'], 'Álex Padilla': ['Bilbao Athletic', 'Athletic Bilbao', 'CD Basconia'], 'Dani Vivian': ['Athletic Bilbao', 'Bilbao Athletic', 'CD Mirandés'], 'Aitor Paredes': ['Athletic Bilbao', 'Bilbao Athletic', 'CD Basconia'], 'Yeray Álvarez': ['Athletic Bilbao', 'Bilbao Athletic'], 'Unai Núñez': ['Athletic Bilbao', 'Celta de Vigo', 'Bilbao Athletic', 'Athletic Bilbao UEFA U19'], 'Yuri Berchiche': ['Athletic Bilbao', 'Real Sociedad', 'SD Eibar', 'Real Unión Club', 'Paris Saint-Germain', 'Cheltenham Town', 'Real Valladolid CF', 'Tottenham Hotspur U18'], 'Adama Boiro': ['CA Osasuna Promesas', 'Bilbao Athletic', 'Athletic Bilbao'], 'Andoni Gorosabel': ['Real Sociedad', 'Deportivo Alavés', 'Real Unión Club', 'Real Sociedad B', 'Real Sociedad UEFA U19', 'Athletic Bilbao'], 'Iñigo Lekue': ['Athletic Bilbao', 'Bilbao Athletic'], 'Óscar de Marcos': ['Athletic Bilbao', 'Deportivo Alavés', 'Bilbao Athletic'], 'Mikel Vesga': ['Athletic Bilbao', 'Bilbao Athletic', 'CD Leganés', 'Sporting Gijón', 'Deportivo Alavés'], 'Beñat Prados': ['Bilbao Athletic', 'CD Mirandés', 'Athletic Bilbao', 'CD Basconia'], 'Iñigo Ruiz de Galarreta': ['RCD Mallorca', 'UD Las Palmas', 'Athletic Bilbao', 'Real Zaragoza', 'CD Numancia', 'Bilbao Athletic', 'FC Barcelona Atlètic', 'CD Leganés', 'CD Mirandés'], 'Ander Herrera': ['Manchester United', 'Athletic Bilbao', 'Paris Saint-Germain', 'Real Zaragoza'], 'Mikel Jauregizar': ['Bilbao Athletic', 'Athletic Bilbao', 'CD Basconia'], 'Oihan Sancet': ['Athletic Bilbao', 'Bilbao Athletic'], 'Unai Gómez': ['Athletic Bilbao', 'Bilbao Athletic', 'CD Basconia'], 'Nico Williams': ['Athletic Bilbao', 'Bilbao Athletic', 'CD Basconia'], 'Álvaro Djaló': ['SC Braga', 'SC Braga U23', 'SC Braga B', 'Athletic Bilbao'], 'Álex Berenguer': ['Athletic Bilbao', 'Torino FC', 'CA Osasuna'], 'Nico Serrano': ['Bilbao Athletic', 'Athletic Bilbao', 'CD Mirandés', 'Racing Ferrol', 'PEC Zwolle'], 'Iñaki Williams': ['Athletic Bilbao', 'Bilbao Athletic'], 'Gorka Guruzeta': ['Bilbao Athletic', 'Athletic Bilbao', 'CE Sabadell FC', 'SD Amorebieta', 'Athletic Bilbao UEFA U19'], 'Javier Martón': ['Real Sociedad B', 'CD Covadonga', 'CD Mirandés', 'Athletic Bilbao']}"
Valencia CF,"{'Giorgi Mamardashvili': ['Valencia CF', 'FC Locomotive Tbilisi', 'FC Rustavi', 'Dinamo Tbilisi'], 'Stole Dimitrievski': ['Rayo Vallecano', 'Recreativo Granada', 'Gimnàstic de Tarragona', 'Rabotnicki Skopje', 'Granada CF', 'Valencia CF'], 'Jaume Doménech': ['Valencia CF', 'Valencia Mestalla', 'CF Huracán Moncada', 'Villarreal CF B'], 'Cristhian Mosquera': ['Valencia CF', 'Valencia Mestalla'], 'Yarek Gasiorowski': ['Valencia CF', 'Valencia Mestalla'], 'Maximiliano Caufriez': ['SK Beveren', 'Clermont Foot 63', 'Spartak Moscow', 'Sint-Truidense VV', 'Valencia CF'], 'Mouctar Diakhaby': ['Valencia CF', 'Olympique Lyon', 'Olympique Lyon B', 'Olympique Lyon UEFA U19', 'Olympique Lyon U19'], 'César Tárrega': ['Valencia Mestalla', 'Real Valladolid CF', 'Valencia CF'], 'José Gayà': ['Valencia CF', 'Valencia Mestalla'], 'Jesús Vázquez': ['Valencia CF', 'Valencia Mestalla', 'Valencia CF UEFA U19'], 'Thierry Correia': ['Valencia CF', 'Sporting CP UEFA U19', 'Sporting CP', 'Sporting CP U23'], 'Dimitri Foulquier': ['Granada CF', 'Valencia CF', 'Getafe CF', 'Stade Rennais FC', 'RC Strasbourg Alsace', 'Watford FC'], 'Pepelu': ['Atlético Levante UD', 'Levante UD', 'Valencia CF', 'CD Tondela', 'Vitória Guimarães SC', 'Hércules CF'], 'Hugo Guillamón': ['Valencia CF', 'Valencia Mestalla', 'Valencia CF UEFA U19'], 'Enzo Barrenechea': ['Juventus Next Gen', 'Frosinone Calcio', 'Juventus Primavera', 'FC Sion U21', 'Juventus FC', 'Valencia CF', 'Juventus FC UEFA U19'], 'Javi Guerra': ['Valencia CF', 'Valencia Mestalla'], 'André Almeida': ['Vitória Guimarães SC', 'Valencia CF', 'Vitória Guimarães SC B'], 'Diego López': ['Valencia CF', 'Valencia Mestalla', 'FC Barcelona UEFA U19', 'FC Barcelona Atlètic'], 'Luis Rioja': ['Deportivo Alavés', 'RC Celta Fortuna', 'Marbella FC', 'UD Almería', 'Real Madrid C (- 2015)', 'Valencia CF'], 'Fran Pérez': ['Valencia CF', 'Valencia Mestalla', 'Valencia CF UEFA U19'], 'Sergi Canós': ['Brentford FC', 'Valencia CF', 'Liverpool FC U21', 'Olympiacos Piraeus', 'Norwich City', 'Liverpool FC UEFA U19', 'Norwich City U21', 'Liverpool FC U18', 'Liverpool FC'], 'Germán Valera': ['Real Zaragoza', 'FC Andorra', 'Atlético de Madrid B', 'Real Sociedad B', 'CD Tenerife', 'Atlético de Madrid UEFA U19', 'Real Sociedad', 'Valencia CF', 'Atlético de Madrid'], 'Hugo Duro': ['Valencia CF', 'Getafe CF', 'Getafe CF B', 'Real Madrid Castilla', 'Real Madrid'], 'Rafa Mir': ['Sevilla FC', 'Valencia Mestalla', 'SD Huesca', 'UD Las Palmas', 'Nottingham Forest', 'Valencia CF', 'Valencia CF UEFA U19', 'Wolverhampton Wanderers', 'Wolverhampton Wanderers U21'], 'Dani Gómez': ['Levante UD', 'Real Madrid Castilla', 'CD Tenerife', 'Real Madrid UEFA U19', 'RCD Espanyol Barcelona', 'Valencia CF']}"
Girona FC,"{'Pau López': ['Olympique Marseille', 'RCD Espanyol Barcelona', 'AS Roma', 'Real Betis Balompié', 'RCD Espanyol B', 'Tottenham Hotspur U21', 'Tottenham Hotspur', 'Girona FC'], 'Paulo Gazzaniga': ['Girona FC', 'Southampton FC U21', 'Tottenham Hotspur', 'Rayo Vallecano', 'Southampton FC', 'Gillingham FC', 'Fulham FC', 'Elche CF'], 'Juan Carlos': ['Girona FC', 'CD Lugo', 'Córdoba CF', 'Elche CF', 'Rayo Vallecano B', 'Rayo Vallecano', 'Hércules CF'], 'Ladislav Krejci': ['AC Sparta Prague', 'FC Zbrojovka Brno', 'FC Zbrojovka Brno B', 'Girona FC'], 'Alejandro Francés': ['Real Zaragoza', 'Girona FC', 'Real Zaragoza UEFA U19'], 'Daley Blind': ['Ajax Amsterdam', 'Manchester United', 'Girona FC', 'FC Groningen', 'Ajax Amsterdam U21', 'Bayern Munich'], 'David López': ['RCD Espanyol Barcelona', 'SSC Napoli', 'Girona FC', 'SD Huesca', 'CD Leganés', 'Terrassa FC'], 'Juanpe': ['Girona FC', 'Racing Santander', 'Real Valladolid CF', 'UD Las Palmas', 'Las Palmas Atlético'], 'Miguel Gutiérrez': ['Girona FC', 'Real Madrid Castilla', 'Real Madrid UEFA U19', 'Real Madrid'], 'Arnau Martínez': ['Girona FC'], 'Oriol Romeu': ['Southampton FC', 'FC Barcelona Atlètic', 'Girona FC', 'FC Barcelona', 'Chelsea FC', 'VfB Stuttgart', 'Valencia CF', 'Southampton FC U21'], 'Yangel Herrera': ['Granada CF', 'Girona FC', 'New York City FC', 'Atlético Venezuela', 'RCD Espanyol Barcelona', 'SD Huesca'], 'Donny van de Beek': ['Ajax Amsterdam', 'Manchester United', 'Ajax Amsterdam U21', 'Ajax Amsterdam U19', 'Ajax Amsterdam UEFA U19', 'Eintracht Frankfurt', 'Everton FC', 'Girona FC'], 'Jhon Solís': ['Atlético Nacional', 'Girona FC'], 'Iván Martín': ['Girona FC', 'Villarreal CF B', 'CD Mirandés', 'Deportivo Alavés', 'Villarreal CF'], 'Gabriel Misehouy': ['Ajax Amsterdam U21', 'Ajax U18', 'Ajax Amsterdam UEFA U19', 'Ajax Amsterdam U17', 'Girona FC', 'Ajax Amsterdam'], 'Bryan Gil': ['Sevilla FC', 'Tottenham Hotspur', 'SD Eibar', 'Sevilla Atlético', 'Valencia CF', 'CD Leganés', 'Girona FC', 'Sevilla FC UEFA U19'], 'Arnaut Danjuma': ['Villarreal CF', 'AFC Bournemouth', 'NEC Nijmegen', 'PSV Eindhoven U19', 'Club Brugge KV', 'Everton FC', 'Tottenham Hotspur', 'NEC Nijmegen U21', 'Girona FC', 'PSV Eindhoven UEFA U19', 'PSV Eindhoven U21', 'Everton FC U21'], 'Viktor Tsygankov': ['Dynamo Kyiv', 'Girona FC', 'Dynamo Kyiv UEFA U19'], 'Yaser Asprilla': ['Watford FC', 'Envigado FC', 'Girona FC'], 'Portu': ['Girona FC', 'Real Sociedad', 'Valencia Mestalla', 'Albacete Balompié', 'Getafe CF', 'Valencia CF'], 'Abel Ruiz': ['SC Braga', 'FC Barcelona Atlètic', 'FC Barcelona UEFA U19', 'Girona FC', 'FC Barcelona'], 'Bojan Miovski': ['Aberdeen FC', 'MTK Budapest', 'Renova Dzepciste', 'Bregalnica Stip', 'Makedonija Gjorce Petrov', 'Qarabag Agdam UEFA U19', 'Girona FC', 'Rabotnicki Skopje'], 'Cristhian Stuani': ['Girona FC', 'RCD Espanyol Barcelona', 'Middlesbrough FC', 'Albacete Balompié', 'Racing Santander', 'Levante UD', 'Reggina 1914', 'Danubio FC', 'CA Bella Vista', 'Reggina Primavera']}"
Villarreal CF,"{'Luiz Júnior': ['FC Famalicão', 'FC Famalicão U23', 'Villarreal CF'], 'Diego Conde': ['CD Leganés', 'CDA Navalcarnero', 'Atlético de Madrid B', 'Villarreal CF', 'Atlético de Madrid UEFA U19', 'Getafe CF'], 'Iker Álvarez': ['Villarreal CF B', 'Villarreal CF'], 'Logan Costa': ['FC Toulouse', 'Le Mans FC', 'Stade Reims B', 'Toulouse FC B', 'Villarreal CF', 'Stade Reims'], 'Willy Kambwala': ['Manchester United U21', 'Manchester United U18', 'Manchester United', 'Manchester United UEFA U19', 'FC Sochaux-Montbéliard U19', 'FC Sochaux-Montbéliard B', 'Villarreal CF'], 'Eric Bailly': ['Manchester United', 'Villarreal CF', 'Olympique Marseille', 'RCD Espanyol B', 'Besiktas JK', 'RCD Espanyol Barcelona', 'Manchester United U21'], 'Raúl Albiol': ['SSC Napoli', 'Villarreal CF', 'Valencia CF', 'Real Madrid', 'Getafe CF', 'Valencia Mestalla'], 'Sergi Cardona': ['UD Las Palmas', 'Las Palmas Atlético', 'Villarreal CF', 'Gimnàstic de Tarragona'], 'Alfonso Pedraza': ['Villarreal CF', 'Villarreal CF B', 'Deportivo Alavés', 'CD Lugo', 'Real Betis Balompié', 'Leeds United'], 'Juan Bernat': ['Paris Saint-Germain', 'Bayern Munich', 'Valencia CF', 'Valencia Mestalla', 'SL Benfica', 'Villarreal CF'], 'Juan Foyth': ['Villarreal CF', 'Tottenham Hotspur', 'Club Estudiantes de La Plata'], 'Kiko Femenía': ['Watford FC', 'Hércules CF', 'Deportivo Alavés', 'Villarreal CF', 'FC Barcelona Atlètic', 'AD Alcorcón', 'Real Madrid Castilla', 'FC Barcelona'], 'Pape Gueye': ['Olympique Marseille', 'Le Havre AC', 'AC Le Havre B', 'Sevilla FC', 'Villarreal CF'], 'Ramón Terrats': ['Girona FC', 'Villarreal CF', 'Villarreal CF B', 'UE Sant Andreu'], 'Santi Comesaña': ['Rayo Vallecano', 'Villarreal CF', 'Coruxo FC'], 'Dani Parejo': ['Valencia CF', 'Villarreal CF', 'Getafe CF', 'Real Madrid Castilla', 'Queens Park Rangers', 'Real Madrid'], 'Denis Suárez': ['Celta de Vigo', 'FC Barcelona', 'Villarreal CF', 'Sevilla FC', 'FC Barcelona Atlètic', 'RCD Espanyol Barcelona', 'Manchester City U21', 'RC Celta Fortuna', 'Arsenal FC', 'Manchester City'], 'Álex Baena': ['Villarreal CF', 'Girona FC', 'Villarreal CF B'], 'Ayoze Pérez': ['Newcastle United', 'Leicester City', 'Real Betis Balompié', 'CD Tenerife', 'Villarreal CF'], 'Yéremy Pino': ['Villarreal CF'], 'Ilias Akhomach': ['Villarreal CF', 'FC Barcelona Atlètic', 'FC Barcelona UEFA U19', 'FC Barcelona', 'Villarreal CF B'], 'Nicolas Pépé': ['Arsenal FC', 'LOSC Lille', 'Angers SCO', 'US Orléans', 'OGC Nice', 'Trabzonspor', 'Villarreal CF'], 'Gerard Moreno': ['Villarreal CF', 'RCD Espanyol Barcelona', 'RCD Mallorca', 'Villarreal CF B'], 'Thierno Barry': ['FC Basel 1893', 'SK Beveren', 'FC Sochaux-Montbéliard B', 'Villarreal CF']}"
Real Betis Balompié,"{'Rui Silva': ['Granada CF', 'Real Betis Balompié', 'CD Nacional'], 'Adrián': ['West Ham United', 'Betis Deportivo Balompié', 'Real Betis Balompié', 'Liverpool FC'], 'Fran Vieites': ['Betis Deportivo Balompié', 'RC Celta Fortuna', 'CD Lugo', 'Real Betis Balompié', 'Celta de Vigo'], 'Natan': ['Red Bull Bragantino', 'SSC Napoli', 'CR Flamengo', 'Real Betis Balompié', 'CR Flamengo U20'], 'Diego Llorente': ['Real Sociedad', 'Real Madrid Castilla', 'Leeds United', 'AS Roma', 'Rayo Vallecano', 'Real Madrid C (- 2015)', 'Málaga CF', 'Real Betis Balompié', 'Real Madrid', 'Leeds United U21'], 'Marc Bartra': ['Real Betis Balompié', 'FC Barcelona', 'FC Barcelona Atlètic', 'Borussia Dortmund', 'Trabzonspor'], 'Romain Perraud': ['Stade Brestois 29', 'Southampton FC', 'OGC Nice B', 'Paris FC', 'OGC Nice', 'Real Betis Balompié'], 'Ricardo Rodríguez': ['VfL Wolfsburg', 'Torino FC', 'AC Milan', 'FC Zürich', 'FC Zürich U21', 'PSV Eindhoven', 'Real Betis Balompié', 'FC Zürich U18'], 'Héctor Bellerín': ['Arsenal FC', 'Real Betis Balompié', 'Arsenal FC U21', 'Sporting CP', 'Watford FC', 'FC Barcelona', 'Arsenal FC UEFA U19'], 'Youssouf Sabaly': ['FC Girondins Bordeaux', 'Thonon Évian Grand Genève FC', 'Real Betis Balompié', 'FC Nantes', 'Paris Saint-Germain'], 'Johnny Cardoso': ['Sport Club Internacional', 'Real Betis Balompié'], 'Marc Roca': ['RCD Espanyol Barcelona', 'RCD Espanyol B', 'Real Betis Balompié', 'Leeds United', 'Bayern Munich'], 'William Carvalho': ['Real Betis Balompié', 'Sporting CP', 'Cercle Brugge'], 'Giovani Lo Celso': ['Tottenham Hotspur', 'CA Rosario Central', 'Paris Saint-Germain', 'Villarreal CF', 'Real Betis Balompié'], 'Sergi Altimira': ['CE Sabadell FC', 'Real Betis Balompié', 'EC Granollers'], 'Pablo Fornals': ['West Ham United', 'Villarreal CF', 'Málaga CF', 'Real Betis Balompié'], 'Isco': ['Real Madrid', 'Málaga CF', 'Real Betis Balompié', 'Valencia Mestalla', 'Sevilla FC', 'Valencia CF'], 'Ez Abde': ['Real Betis Balompié', 'CA Osasuna', 'Hércules CF', 'FC Barcelona Atlètic', 'FC Barcelona'], 'Juanmi': ['Real Sociedad', 'Real Betis Balompié', 'Málaga CF', 'Racing Santander', 'Southampton FC', 'Al-Riyadh SC', 'Cádiz CF', 'Southampton FC U21'], 'Assane Diao': ['Real Betis Balompié', 'Betis Deportivo Balompié'], 'Aitor Ruibal': ['Real Betis Balompié', 'Betis Deportivo Balompié', 'CF Rayo Majadahonda', 'CD Leganés', ""CE L'Hospitalet"", 'FC Cartagena'], 'Iker Losada': ['RC Celta Fortuna', 'Racing Ferrol', 'Celta de Vigo', 'Real Betis Balompié'], 'Vitor Roque': ['Club Athletico Paranaense', 'Cruzeiro Esporte Clube', 'FC Barcelona', 'Cruzeiro EC U20', 'Real Betis Balompié'], 'Chimy Ávila': ['CA Osasuna', 'SD Huesca', 'CA San Lorenzo de Almagro', 'CA Tiro Federal', 'Real Betis Balompié'], 'Cédric Bakambu': ['FC Sochaux-Montbéliard', 'Villarreal CF', 'Beijing Guoan', 'Bursaspor', 'Olympiacos Piraeus', 'Olympique Marseille', 'Galatasaray', 'Real Betis Balompié']}"
Sevilla FC,"{'Álvaro Fernández': ['SD Huesca', 'CA Osasuna Promesas', 'Extremadura UD (-2022)', 'Brentford FC', 'RCD Espanyol Barcelona', 'AS Monaco U21', 'CA Osasuna', 'Sevilla FC'], 'Ørjan Nyland': ['Molde FK', 'IL Hødd', 'FC Ingolstadt 04', 'Aston Villa', 'Sevilla FC', 'Reading FC', 'RB Leipzig', 'Aston Villa U21', 'AFC Bournemouth', 'Norwich City U21', 'FC Ingolstadt 04 II', 'Norwich City'], 'Loïc Badé': ['Sevilla FC', 'RC Lens', 'AC Le Havre B', 'Stade Rennais FC', 'Le Havre AC', 'Nottingham Forest'], 'Kike Salas': ['Sevilla FC', 'Sevilla Atlético', 'Sevilla FC UEFA U19', 'CD Tenerife'], 'Marcão': ['Galatasaray', 'Rio Ave FC', 'Sevilla FC', 'GD Chaves', 'Ferroviária', 'Club Athletico Paranaense', 'Atlético Clube Goianiense'], 'Nemanja Gudelj': ['Sevilla FC', 'AZ Alkmaar', 'NAC Breda', 'Ajax Amsterdam', 'Sporting CP', 'Tianjin Jinmen Tiger', 'Guangzhou FC', 'NAC Breda U21'], 'Tanguy Nianzou': ['Sevilla FC', 'Bayern Munich', 'Paris Saint-Germain', 'Paris Saint-Germain UEFA U19', 'Paris Saint-Germain U19'], 'Valentín Barco': ['CA Boca Juniors', 'Brighton & Hove Albion', 'Sevilla FC'], 'Adrià Pedrosa': ['RCD Espanyol Barcelona', 'Sevilla FC', 'RCD Espanyol B'], 'Juanlu Sánchez': ['Sevilla Atlético', 'Sevilla FC', 'CD Mirandés', 'Sevilla FC UEFA U19'], 'Gonzalo Montiel': ['CA River Plate', 'Sevilla FC', 'Nottingham Forest', 'CA River Plate U20'], 'José Ángel Carmona': ['Sevilla Atlético', 'Getafe CF', 'Sevilla FC', 'Elche CF'], 'Jesús Navas': ['Sevilla FC', 'Manchester City'], 'Lucien Agoumé': ['Stade Brestois 29', 'Sevilla FC', 'FC Sochaux-Montbéliard', 'ESTAC Troyes', 'Spezia Calcio', 'FC Sochaux-Montbéliard B', 'Inter Milan UEFA U19', 'Inter Milan Primavera', 'Inter Milan'], 'Albert Sambi Lokonga': ['RSC Anderlecht', 'Arsenal FC', 'Luton Town', 'Crystal Palace', 'RSC Anderlecht UEFA U19', 'Sevilla FC'], 'Djibril Sow': ['Eintracht Frankfurt', 'BSC Young Boys', 'Sevilla FC', 'Borussia Mönchengladbach II', 'FC Zürich U18', 'FC Zürich U21', 'Borussia Mönchengladbach', 'Borussia Mönchengladbach UEFA U19'], 'Saúl Ñíguez': ['Atlético de Madrid', 'Atlético de Madrid B', 'Rayo Vallecano', 'Chelsea FC', 'Sevilla FC'], 'Pedro Ortiz': ['Sevilla Atlético', 'FC Vizela', 'CD Atlético Baleares', 'Sevilla FC'], 'Manu Bueno': ['Sevilla Atlético', 'Sevilla FC UEFA U19', 'Sevilla FC'], 'Chidera Ejuke': ['Vålerenga Fotball Elite', 'CSKA Moscow', 'Royal Antwerp FC', 'SC Heerenveen', 'Hertha BSC', 'Vålerenga Fotball II', 'Sevilla FC', 'Gombe United FC'], 'Dodi Lukébakio': ['Hertha BSC', 'Fortuna Düsseldorf', 'Sevilla FC', 'VfL Wolfsburg', 'R Charleroi SC', 'RSC Anderlecht', 'RSC Anderlecht UEFA U19', 'FC Toulouse', 'Watford FC'], 'Suso': ['Sevilla FC', 'AC Milan', 'Liverpool FC U21', 'UD Almería', 'Liverpool FC', 'Genoa CFC'], 'Peque Fernández': ['Racing Santander', 'FC Barcelona Atlètic', 'FC Barcelona UEFA U19', 'Sevilla FC', 'UE Cornellà'], 'Isaac Romero': ['Sevilla Atlético', 'Sevilla FC'], 'Kelechi Iheanacho': ['Leicester City', 'Manchester City', 'Manchester City U21', 'Sevilla FC', 'Leicester City U21', 'Manchester City UEFA U19', 'Manchester City U18']}"
UD Las Palmas,"{'Álvaro Valles': ['UD Las Palmas', 'Las Palmas Atlético', 'Betis Deportivo Balompié'], 'Jasper Cillessen': ['Ajax Amsterdam', 'NEC Nijmegen', 'Valencia CF', 'FC Barcelona', 'Ajax Amsterdam U21', 'UD Las Palmas'], 'Dinko Horkas': ['GNK Dinamo Zagreb II', 'Lokomotiv Plovdiv', 'NK Varazdin', 'HSK Posusje', 'GNK Dinamo Zagreb UEFA U19', 'HSK Zrinjski Mostar', 'UD Las Palmas', 'GNK Dinamo Zagreb'], 'Mika Mármol': ['FC Barcelona Atlètic', 'UD Las Palmas', 'FC Andorra', 'FC Barcelona UEFA U19', 'FC Barcelona'], 'Scott McKenna': ['Aberdeen FC', 'Nottingham Forest', 'Ayr United FC', 'FC Copenhagen', 'UD Las Palmas', 'Alloa Athletic FC', 'Aberdeen FC U20'], 'Alex Suárez': ['UD Las Palmas', 'Las Palmas Atlético'], 'Álex Muñoz': ['CD Tenerife', 'Hércules CF', 'Levante UD', 'Sevilla Atlético', 'Real Zaragoza', 'UD Las Palmas', 'Sevilla FC'], 'Juanma Herzog': ['UD Las Palmas', 'Las Palmas Atlético'], 'Daley Sinkgraven': ['Ajax Amsterdam', 'Bayer 04 Leverkusen', 'SC Heerenveen', 'UD Las Palmas', 'SC Heerenveen U19', 'Ajax Amsterdam U21', 'SC Heerenveen U21'], 'Viti Rozada': ['Real Oviedo', 'Real Oviedo Vetusta', 'UD Las Palmas'], 'Dário Essugo': ['Sporting CP', 'Sporting CP B', 'GD Chaves', 'Sporting CP UEFA U19', 'Sporting CP U23', 'UD Las Palmas'], 'Enzo Loiodice': ['UD Las Palmas', 'Dijon FCO', 'Dijon FCO B', 'Wolverhampton Wanderers U21'], 'Javi Muñoz': ['Real Madrid Castilla', 'SD Eibar', 'UD Las Palmas', 'CD Mirandés', 'Lorca FC (- 2022)', 'Real Oviedo', 'CD Tenerife', 'Real Madrid UEFA U19', 'Real Madrid', 'Deportivo Alavés'], 'José Campaña': ['Levante UD', 'Sevilla Atlético', 'AD Alcorcón', 'Sevilla FC', 'UD Las Palmas', '1.FC Nuremberg', 'FC Porto B', 'Crystal Palace', 'FC Porto', 'UC Sampdoria'], 'Fabio González': ['UD Las Palmas', 'Las Palmas Atlético'], 'Alberto Moleiro': ['UD Las Palmas', 'Las Palmas Atlético'], 'Kirian Rodríguez': ['UD Las Palmas', 'Las Palmas Atlético'], 'Iván Gil': ['FC Andorra', 'RCD Espanyol B', 'UD Las Palmas'], 'Manu Fuster': ['Albacete Balompié', 'CD Guijuelo', 'UD Las Palmas'], 'Pejiño': ['UD Las Palmas', 'Sevilla Atlético', 'Sevilla FC'], 'Benito Ramírez': ['UD Las Palmas', 'Las Palmas Atlético', 'CF Rayo Majadahonda'], 'Marvin Park': ['UD Las Palmas', 'Real Madrid Castilla', 'Real Madrid UEFA U19', 'Real Madrid'], 'Adnan Januzaj': ['Real Sociedad', 'Manchester United', 'Manchester United U21', 'Sunderland AFC', 'Sevilla FC', 'Basaksehir FK', 'Borussia Dortmund', 'Sunderland AFC U21', 'UD Las Palmas'], 'Fábio Silva': ['Wolverhampton Wanderers', 'RSC Anderlecht', 'Rangers FC', 'FC Porto', 'PSV Eindhoven', 'FC Porto Youth League', 'Wolverhampton Wanderers U21', 'FC Porto B', 'UD Las Palmas'], 'Oli McBurnie': ['Sheffield United', 'Swansea City', 'Swansea City U21', 'Bradford City', 'Barnsley FC', 'Chester FC', 'UD Las Palmas', 'Bristol Rovers', 'Newport County'], 'Sandro Ramírez': ['FC Barcelona Atlètic', 'UD Las Palmas', 'FC Barcelona', 'Málaga CF', 'Getafe CF', 'Real Valladolid CF', 'Real Sociedad', 'SD Huesca', 'Sevilla FC', 'Everton FC'], 'Marc Cardona': ['UD Las Palmas', 'FC Barcelona Atlètic', 'CA Osasuna', 'Go Ahead Eagles', 'SD Eibar', 'RCD Mallorca', 'FC Barcelona'], 'Jaime Mata': ['Getafe CF', 'Girona FC', 'Lleida CF', 'Real Valladolid CF', 'Rayo Vallecano B', 'UD Las Palmas']}"
CA Osasuna,"{'Sergio Herrera': ['CA Osasuna', 'SD Huesca', 'SD Amorebieta', 'CD Laudio', 'Deportivo Alavés'], 'Aitor Fernández': ['Levante UD', 'Villarreal CF B', 'CD Numancia', 'CA Osasuna', 'Bilbao Athletic', 'Barakaldo CF', 'Villarreal CF', 'Athletic Bilbao'], 'Jorge Herrando': ['CA Osasuna Promesas', 'CA Osasuna', 'UD Logroñés'], 'Alejandro Catena': ['Rayo Vallecano', 'CA Osasuna', 'Marbella FC', 'CDA Navalcarnero', 'CF Reus Deportiu (-2020)'], 'Enzo Boyomo': ['Albacete Balompié', 'Blackburn Rovers U18', 'Real Valladolid CF', 'CA Osasuna', 'Blackburn Rovers U21'], 'Unai García': ['CA Osasuna', 'CA Osasuna Promesas', 'CD Tudelano'], 'Juan Cruz': ['CA Osasuna', 'Elche CF', 'San Marino', 'CF Rayo Majadahonda', 'UD San Sebastián de los Reyes', 'Bologna Primavera', 'Carrarese Calcio 1908', 'FC Pistoiese', 'Bologna FC 1909'], 'Abel Bretones': ['Real Oviedo', 'UP Langreo', 'CA Osasuna', 'Real Oviedo Vetusta'], 'Jesús Areso': ['Bilbao Athletic', 'CA Osasuna', 'Burgos CF', 'Athletic Bilbao'], 'Rubén Peña': ['SD Eibar', 'Villarreal CF', 'CD Leganés', 'CA Osasuna', 'CD Guijuelo', 'Real Valladolid CF'], 'Nacho Vidal': ['CA Osasuna', 'Valencia Mestalla', 'Valencia CF', 'RCD Mallorca'], 'Iker Muñoz': ['CA Osasuna Promesas', 'CA Osasuna'], 'Lucas Torró': ['CA Osasuna', 'Real Madrid Castilla', 'Real Oviedo', 'Eintracht Frankfurt', 'CD Alcoyano', 'Real Madrid'], 'Jon Moncayola': ['CA Osasuna', 'CA Osasuna Promesas'], 'Pablo Ibáñez': ['CA Osasuna', 'CA Osasuna Promesas', 'UD Mutilvera'], 'Aimar Oroz': ['CA Osasuna', 'CA Osasuna Promesas'], 'Javi Martínez': ['CA Osasuna Promesas', 'SD Huesca', 'CA Osasuna', 'Albacete Balompié'], 'Bryan Zaragoza': ['Granada CF', 'Recreativo Granada', 'Club Polideportivo El Ejido', 'Bayern Munich', 'CA Osasuna'], 'Moi Gómez': ['Villarreal CF', 'CA Osasuna', 'SD Huesca', 'Sporting Gijón', 'Villarreal CF B', 'Getafe CF'], 'José Manuel Arnáiz': ['CD Leganés', 'CA Osasuna', 'Real Valladolid CF', 'Real Valladolid Promesas', 'FC Barcelona Atlètic', 'FC Barcelona'], 'Rubén García': ['CA Osasuna', 'Levante UD', 'Sporting Gijón', 'Atlético Levante UD'], 'Kike Barja': ['CA Osasuna', 'CA Osasuna Promesas'], 'Iker Benito': ['CA Osasuna Promesas', 'FC Andorra', 'CA Osasuna'], 'Ante Budimir': ['CA Osasuna', 'FC Crotone', 'NK Inker', 'RCD Mallorca', 'NK Lokomotiva Zagreb', 'FC St. Pauli', 'UC Sampdoria', 'FC St. Pauli II'], 'Raúl García': ['Betis Deportivo Balompié', 'CA Osasuna', 'CD Mirandés', 'Real Betis Balompié']}"
RCD Mallorca,"{'Dominik Greif': ['Slovan Bratislava', 'Slovan Bratislava B', 'RCD Mallorca'], 'Leo Román': ['Real Oviedo', 'RCD Mallorca', 'Penya Deportiva Santa Eulalia', 'RCD Mallorca B'], 'Iván Cuéllar': ['Sporting Gijón', 'CD Leganés', 'SD Eibar', 'Atlético de Madrid', 'Atlético de Madrid B', 'RCD Mallorca'], 'Martin Valjent': ['RCD Mallorca', 'Ternana Calcio', 'Spartak Dubnica nad Vahom', 'Ternana Primavera', 'Chievo Verona'], 'José Copete': ['RCD Mallorca', 'SD Ponferradina', 'Penya Deportiva Santa Eulalia', 'Villarreal CF B', 'Córdoba CF B', 'Écija Balompié'], 'Siebe Van der Heyden': ['Union Saint-Gilloise', 'FC Eindhoven', 'RCD Mallorca', 'RSC Anderlecht UEFA U19', 'KV Oostende (-2024)'], 'Antonio Raíllo': ['RCD Mallorca', 'RCD Espanyol B', 'SD Ponferradina', 'Betis Deportivo Balompié', 'RCD Espanyol Barcelona'], 'Toni Lato': ['Valencia CF', 'Valencia Mestalla', 'RCD Mallorca', 'CA Osasuna', 'Valencia CF UEFA U19', 'PSV Eindhoven U21', 'PSV Eindhoven'], 'Johan Mojica': ['Girona FC', 'Real Valladolid CF', 'Elche CF', 'CA Osasuna', 'Villarreal CF', 'Rayo Vallecano', 'Deportivo Cali', 'Atalanta BC', 'RCD Mallorca'], 'Pablo Maffeo': ['RCD Mallorca', 'Girona FC', 'Manchester City U21', 'SD Huesca', 'Manchester City UEFA U19', 'VfB Stuttgart', 'Manchester City U18', 'Manchester City', 'RCD Espanyol B'], 'Mateu Morey': ['Borussia Dortmund', 'Borussia Dortmund II', 'FC Barcelona UEFA U19', 'RCD Mallorca'], 'Samú Costa': ['UD Almería', 'RCD Mallorca', 'SC Braga U23', 'SC Braga U19', 'SC Braga'], 'Omar Mascarell': ['Real Madrid Castilla', 'FC Schalke 04', 'Elche CF', 'Eintracht Frankfurt', 'RCD Mallorca', 'Derby County', 'Sporting Gijón', 'Real Madrid C (- 2015)', 'Real Madrid', 'FC Schalke 04 II'], 'Sergi Darder': ['RCD Espanyol Barcelona', 'Olympique Lyon', 'Málaga CF', 'RCD Mallorca'], 'Manu Morlanes': ['RCD Mallorca', 'Villarreal CF B', 'Villarreal CF', 'UD Almería', 'RCD Espanyol Barcelona'], 'Antonio Sánchez': ['RCD Mallorca', 'CD Mirandés', 'Barakaldo CF', 'RCD Mallorca B'], 'Robert Navarro': ['Real Sociedad B', 'Real Sociedad', 'Cádiz CF', 'AS Monaco U21', 'RCD Mallorca', 'AS Monaco UEFA U19', 'AS Monaco'], 'Dani Rodríguez': ['RCD Mallorca', 'Albacete Balompié', 'Racing Ferrol', 'RC Deportivo Fabril', 'Racing Santander', 'UB Conquense', 'Deportivo de La Coruña'], 'Chiquinho': ['GD Estoril Praia', 'Estoril Praia U23', 'FC Famalicão', 'Wolverhampton Wanderers', 'Stoke City', 'Wolverhampton Wanderers U21', 'RCD Mallorca'], 'Javi Llabrés': ['RCD Mallorca', 'CD Mirandés', 'RCD Mallorca B'], 'Takuma Asano': ['Sanfrecce Hiroshima', 'VfL Bochum', 'FK Partizan Belgrade', 'VfB Stuttgart', 'Hannover 96', 'RCD Mallorca', 'J. League U-22 Selection (-2015)', 'VfB Stuttgart II'], 'Valery Fernández': ['Girona FC', 'CF Peralada', 'RCD Mallorca'], 'Vedat Muriqi': ['RCD Mallorca', 'Giresunspor', 'Genclerbirligi Ankara', 'Caykur Rizespor', 'SS Lazio', 'Fenerbahce', 'KF Teuta', 'KS Besa', 'KF Liria Prizren'], 'Cyle Larin': ['Besiktas JK', 'Orlando City SC', 'RCD Mallorca', 'Zulte Waregem', 'Real Valladolid CF', 'Club Brugge KV'], 'Abdón Prats': ['RCD Mallorca', 'RCD Mallorca B', 'CD Mirandés', 'Burgos CF', 'Racing Santander', 'CD Tenerife'], 'Marc Domènech': ['RCD Mallorca']}"
Deportivo Alavés,"{'Antonio Sivera': ['Deportivo Alavés', 'Valencia Mestalla', 'Valencia CF UEFA U19', 'UD Almería', 'Valencia CF'], 'Jesús Owono': ['Deportivo Alavés'], 'Abdel Abqar': ['Deportivo Alavés', 'Atlético Malagueño', 'Deportivo Alavés B', 'Málaga CF'], 'Moussa Diarra': ['FC Toulouse', 'Toulouse FC B', 'Deportivo Alavés', 'Toulouse FC U19'], 'Santiago Mouriño': ['Racing Club de Montevideo', 'Real Zaragoza', 'Deportivo Alavés'], 'Aleksandar Sedlar': ['FK Metalac Gornji Milanovac', 'Piast Gliwice', 'Deportivo Alavés', 'RCD Mallorca'], 'Manu Sánchez': ['CA Osasuna', 'Atlético de Madrid B', 'Celta de Vigo', 'Atlético de Madrid', 'Deportivo Alavés', 'Atlético de Madrid UEFA U19'], 'Hugo Novoa': ['RB Leipzig', 'RB Leipzig U17', 'FC Basel 1893', 'RB Leipzig U19', 'Villarreal CF B', 'FC Utrecht', 'RB Leipzig UEFA U19', 'Deportivo Alavés'], 'Nahuel Tenaglia': ['CA Talleres', 'Deportivo Alavés'], 'Antonio Blanco': ['Real Madrid Castilla', 'Deportivo Alavés', 'Real Madrid UEFA U19', 'Real Madrid', 'Cádiz CF'], 'Carlos Protesoni': ['Deportivo Alavés', 'Defensor Sporting Club', 'CA Independiente'], 'Ander Guevara': ['Real Sociedad', 'Real Sociedad B', 'Deportivo Alavés'], 'Jon Guridi': ['Deportivo Alavés', 'Real Sociedad B', 'CD Mirandés', 'Real Sociedad', 'Real Sociedad UEFA U19'], 'Joan Jordán': ['Sevilla FC', 'RCD Espanyol B', 'SD Eibar', 'Real Valladolid CF', 'RCD Espanyol Barcelona', 'Deportivo Alavés'], 'Tomás Conechny': ['CD Godoy Cruz Antonio Tomba', 'Club Almagro', 'Portland Timbers', 'Club Deportivo Maldonado', 'CA San Lorenzo de Almagro', 'Portland Timbers 2', 'Deportivo Alavés'], 'Abde Rebbach': ['Deportivo Alavés', 'Deportivo Alavés B'], 'Luka Romero': ['SS Lazio', 'UD Almería', 'RCD Mallorca', 'AC Milan', 'Lazio U20', 'Deportivo Alavés', 'RCD Mallorca B'], 'Carlos Vicente': ['Racing Ferrol', 'CD Calahorra', 'Deportivo Alavés', 'SD Ejea', 'RZ Deportivo Aragón'], 'Stoichkov': ['SD Eibar', 'Real Balompédica Linense', 'AD Alcorcón', 'CE Sabadell FC', 'RCD Mallorca', 'Europa FC', 'Deportivo Alavés', 'CP Cacereño'], 'Toni Martínez': ['FC Porto', 'FC Famalicão', 'West Ham United U21', 'CF Rayo Majadahonda', 'Oxford United', 'CD Lugo', 'Real Valladolid CF', 'Valencia Mestalla', 'Valencia CF UEFA U19', 'Deportivo Alavés', 'West Ham United', 'FC Porto B'], 'Carlos Martín': ['CD Mirandés', 'Atlético de Madrid B', 'Atlético de Madrid UEFA U19', 'Atlético de Madrid', 'Deportivo Alavés'], 'Asier Villalibre': ['Athletic Bilbao', 'Bilbao Athletic', 'Deportivo Alavés', 'Real Valladolid CF', 'Lorca FC (- 2022)', 'Athletic Bilbao UEFA U19', 'CD Numancia'], 'Kike García': ['SD Eibar', 'Real Murcia CF', 'CA Osasuna', 'Middlesbrough FC', 'Deportivo Alavés', 'Real Murcia Imperial']}"
Celta de Vigo,"{'Iván Villar': ['RC Celta Fortuna', 'Celta de Vigo', 'CD Leganés', 'Levante UD'], 'Vicente Guaita': ['Crystal Palace', 'Getafe CF', 'Valencia CF', 'Recreativo Huelva', 'Celta de Vigo', 'Valencia Mestalla'], 'Carl Starfelt': ['IF Brommapojkarna', 'Celtic FC', 'IFK Göteborg', 'Rubin Kazan', 'Celta de Vigo', 'IF Brommapojkarna U19', 'IF Brommapojkarna U21'], 'Joseph Aidoo': ['Celta de Vigo', 'KRC Genk', 'Hammarby IF', 'Hammarby IF U21 (- 2018)', 'Inter Allies FC'], 'Carlos Domínguez': ['RC Celta Fortuna', 'Celta de Vigo'], 'Marcos Alonso': ['Chelsea FC', 'ACF Fiorentina', 'Bolton Wanderers', 'FC Barcelona', 'Real Madrid Castilla', 'Sunderland AFC', 'Bolton Wanderers B', 'Celta de Vigo', 'Real Madrid'], 'Mihailo Ristic': ['Montpellier HSC', 'Red Star Belgrade', 'Celta de Vigo', 'SL Benfica', 'AC Sparta Prague B', 'FC Krasnodar', 'AC Sparta Prague', 'Red Star Belgrade U19'], 'Óscar Mingueza': ['Celta de Vigo', 'FC Barcelona', 'FC Barcelona Atlètic', 'FC Barcelona UEFA U19'], 'Javier Manquillo': ['Newcastle United', 'Olympique Marseille', 'Atlético de Madrid B', 'Sunderland AFC', 'Liverpool FC', 'Atlético de Madrid', 'Celta de Vigo'], 'Sergio Carreira': ['RC Celta Fortuna', 'CD Mirandés', 'Villarreal CF B', 'Elche CF', 'Celta de Vigo', 'Villarreal CF'], 'Javi Rodríguez': ['RC Celta Fortuna', 'Celta de Vigo'], 'Jailson': ['Grêmio Foot-Ball Porto Alegrense', 'Fenerbahce', 'Sociedade Esportiva Palmeiras', 'Celta de Vigo', 'Dalian Professional (2009-2024)', 'Associação Chapecoense de Futebol'], 'Damián Rodríguez': ['RC Celta Fortuna', 'Celta de Vigo'], 'Fran Beltrán': ['Celta de Vigo', 'Rayo Vallecano'], 'Ilaix Moriba': ['Valencia CF', 'FC Barcelona Atlètic', 'FC Barcelona', 'Getafe CF', 'FC Barcelona UEFA U19', 'RB Leipzig', 'Celta de Vigo'], 'Luca de la Torre': ['Fulham FC U21', 'Heracles Almelo', 'Celta de Vigo', 'Fulham FC'], 'Hugo Sotelo': ['RC Celta Fortuna', 'Celta de Vigo'], 'Williot Swedberg': ['Hammarby IF', 'Celta de Vigo', 'IK Frej Täby', 'Hammarby TFF'], 'Jonathan Bamba': ['LOSC Lille', 'AS Saint-Étienne', 'Celta de Vigo', 'Angers SCO', 'Paris FC', 'Sint-Truidense VV'], 'Franco Cervi': ['SL Benfica', 'Celta de Vigo', 'CA Rosario Central'], 'Hugo Álvarez': ['RC Celta Fortuna', 'Celta de Vigo'], 'Alfon González': ['RC Celta Fortuna', 'Internacional de Madrid (-2023)', 'Getafe CF B', 'Real Murcia CF', 'Racing Santander', 'Celta de Vigo', 'Albacete Balompié'], 'Tadeo Allende': ['CD Godoy Cruz Antonio Tomba', 'Instituto ACC', 'Celta de Vigo'], 'Anastasios Douvikas': ['FC Utrecht', 'Asteras Aktor', 'Celta de Vigo', 'Volos NPS', 'Asteras Aktor U19'], 'Borja Iglesias': ['Real Betis Balompié', 'RC Celta Fortuna', 'RCD Espanyol Barcelona', 'Real Zaragoza', 'Bayer 04 Leverkusen', 'Celta de Vigo'], 'Iago Aspas': ['Celta de Vigo', 'RC Celta Fortuna', 'Sevilla FC', 'Liverpool FC'], 'Pablo Durán': ['RC Celta Fortuna', 'SD Compostela', 'Celta de Vigo']}"
Rayo Vallecano,"{'Augusto Batalla': ['CA San Lorenzo de Almagro', 'CA River Plate', ""CD O'Higgins"", 'Unión La Calera', 'Club Atlético Tucumán', 'Granada CF', 'Club Atlético Tigre', 'Rayo Vallecano'], 'Dani Cárdenas': ['Levante UD', 'Atlético Levante UD', 'Rayo Vallecano'], 'Florian Lejeune': ['Girona FC', 'Rayo Vallecano', 'Deportivo Alavés', 'Newcastle United', 'Istres Football Club', 'SD Eibar', 'Villarreal CF B', 'Stade Brestois 29', 'Villarreal CF', 'Newcastle United U21'], 'Abdul Mumin': ['Vitória Guimarães SC', 'FC Nordsjaelland', 'Rayo Vallecano', 'FC Nordsjaelland U19', 'HB Köge', 'FC Nordsjaelland Reserves'], 'Aridane Hernández': ['CA Osasuna', 'Cádiz CF', 'CD Eldense', 'Real Valladolid Promesas', 'Rayo Vallecano', 'AD Ceuta FC', 'Deportivo Alavés', 'Real Valladolid CF'], 'Pelayo Fernández': ['FC Barcelona Atlètic', 'FC Barcelona UEFA U19', 'Rayo Vallecano'], 'Pacha Espino': ['Club Nacional', 'Cádiz CF', 'Rayo Vallecano'], 'Pep Chavarría': ['Real Zaragoza', 'UE Olot', 'Rayo Vallecano'], 'Andrei Rațiu': ['SD Huesca', 'Villarreal CF B', 'Rayo Vallecano', 'ADO Den Haag', 'Villarreal CF'], 'Iván Balliu': ['FC Metz', 'Rayo Vallecano', 'FC Arouca', 'UD Almería', 'FC Barcelona Atlètic'], 'Gerard Gumbau': ['FC Barcelona Atlètic', 'Girona FC', 'Elche CF', 'CD Leganés', 'Granada CF', 'FC Barcelona', 'Rayo Vallecano'], 'Óscar Valentín': ['Rayo Vallecano', 'CF Rayo Majadahonda'], 'Unai López': ['Rayo Vallecano', 'Athletic Bilbao', 'Bilbao Athletic', 'CD Leganés'], 'Pedro Díaz': ['Sporting Gijón', 'Sporting Atlético', 'FC Girondins Bordeaux', 'Rayo Vallecano'], 'Pathé Ciss': ['Rayo Vallecano', 'CF Fuenlabrada', 'CF União Madeira (-2021)', 'FC Famalicão'], 'James Rodríguez': ['Real Madrid', 'FC Porto', 'Bayern Munich', 'CA Banfield', 'AS Monaco', 'Everton FC', 'Olympiacos Piraeus', 'São Paulo Futebol Clube', 'Al-Rayyan SC', 'Rayo Vallecano'], 'Randy Nteka': ['CF Fuenlabrada', 'Rayo Vallecano', 'Elche CF'], 'Joni Montiel': ['Rayo Vallecano', 'Levante UD', 'RC Deportivo Fabril', 'Real Oviedo', 'Burgos CF', 'Real Valladolid CF', 'CD Toledo', 'Deportivo de La Coruña'], 'Óscar Trejo': ['Rayo Vallecano', 'FC Toulouse', 'Sporting Gijón', 'RCD Mallorca', 'Elche CF', 'Toulouse FC B', 'CA Boca Juniors'], 'Álvaro García': ['Rayo Vallecano', 'Cádiz CF', 'Recreativo Granada', 'Racing Santander', 'San Fernando CD', 'Granada CF', 'CD Leganés'], 'Isi Palazón': ['Rayo Vallecano', 'SD Ponferradina', 'Real Murcia CF'], 'Jorge de Frutos': ['Levante UD', 'Rayo Vallecano', 'CF Rayo Majadahonda', 'Real Madrid Castilla', 'Real Valladolid CF'], 'Adrián Embarba': ['Rayo Vallecano', 'RCD Espanyol Barcelona', 'UD Almería'], 'Sergio Camello': ['Rayo Vallecano', 'Atlético de Madrid B', 'CD Mirandés', 'Atlético de Madrid UEFA U19', 'Atlético de Madrid'], 'Raúl de Tomás': ['Rayo Vallecano', 'RCD Espanyol Barcelona', 'Real Madrid Castilla', 'Real Valladolid CF', 'Córdoba CF', 'SL Benfica', 'Real Madrid C (- 2015)', 'Real Madrid'], 'Sergi Guardiola': ['Real Valladolid CF', 'Córdoba CF', 'CD Eldense', 'Cádiz CF', 'Rayo Vallecano', 'Jumilla CF (- 2011)', 'Recreativo Granada', 'Real Murcia CF', 'Ontinyent CF (- 2019)', 'Adelaide United', 'Getafe CF B', 'AD Alcorcón', 'Getafe CF', 'Granada CF']}"
RCD Espanyol Barcelona,"{'Fernando Pacheco': ['Deportivo Alavés', 'RCD Espanyol Barcelona', 'Real Madrid Castilla', 'Real Madrid C (- 2015)', 'Real Madrid', 'UD Almería'], 'Joan García': ['RCD Espanyol Barcelona', 'RCD Espanyol B'], 'Ángel Fortuño': ['RCD Espanyol B', 'RCD Espanyol Barcelona'], 'Marash Kumbulla': ['AS Roma', 'Hellas Verona Primavera', 'Hellas Verona', 'Hellas Under 17', 'US Sassuolo', 'RCD Espanyol Barcelona'], 'Fernando Calero': ['RCD Espanyol Barcelona', 'Real Valladolid CF', 'Real Valladolid Promesas'], 'Leandro Cabrera': ['RCD Espanyol Barcelona', 'Real Zaragoza', 'Getafe CF', 'Hércules CF', 'CD Numancia', 'Real Madrid Castilla', 'Recreativo Huelva', 'Defensor Sporting Club', 'FC Crotone', 'Atlético de Madrid'], 'Sergi Gómez': ['Celta de Vigo', 'RCD Espanyol Barcelona', 'FC Barcelona Atlètic', 'Sevilla FC', 'FC Barcelona'], 'Brian Oliván': ['RCD Espanyol Barcelona', 'Cádiz CF', 'RCD Mallorca', 'Real Valladolid Promesas', 'Recreativo Granada', 'Girona FC', 'Real Valladolid CF', 'SC Braga B', 'CSKA-Sofia'], 'Carlos Romero': ['Villarreal CF B', 'Villarreal CF', 'RCD Espanyol Barcelona', 'FC Villarreal C'], 'Álvaro Tejero': ['SD Eibar', 'Real Madrid Castilla', 'Albacete Balompié', 'Real Zaragoza', 'Real Madrid UEFA U19', 'RCD Espanyol Barcelona', 'Real Madrid'], 'Omar El Hilali': ['RCD Espanyol B', 'RCD Espanyol Barcelona'], 'Alex Král': ['Spartak Moscow', 'FK Teplice', '1.FC Union Berlin', 'FC Schalke 04', 'SK Slavia Prague', 'SK Slavia Prague B', 'FK Teplice B', 'RCD Espanyol Barcelona', 'West Ham United'], 'Aguado': ['Real Valladolid CF', 'RCD Espanyol Barcelona', 'Córdoba CF', 'Córdoba CF B', 'Real Jaén CF', 'CF Fuenlabrada', 'CD Numancia'], 'Edu Expósito': ['SD Eibar', 'RCD Espanyol Barcelona', 'Deportivo de La Coruña', 'RC Deportivo Fabril'], 'José Gragera': ['Sporting Gijón', 'Sporting Atlético', 'RCD Espanyol Barcelona'], 'Pol Lozano': ['RCD Espanyol Barcelona', 'RCD Espanyol B', 'Girona FC', 'Granada CF'], 'Javi Puado': ['RCD Espanyol Barcelona', 'Real Zaragoza', 'RCD Espanyol B'], 'Naci Ünüvar': ['Ajax Amsterdam U21', 'Ajax Amsterdam U19', 'Twente Enschede FC', 'Ajax Amsterdam U17', 'Trabzonspor', 'Ajax Amsterdam UEFA U19', 'Ajax Amsterdam', 'RCD Espanyol Barcelona'], 'Pere Milla': ['Elche CF', 'Lleida CF', 'RCD Espanyol Barcelona', 'CD Numancia', 'UD Logroñés', 'Getafe CF B', 'UCAM Murcia CF', 'SD Eibar', 'Getafe CF'], 'Jofre Carreras': ['RCD Espanyol Barcelona', 'RCD Espanyol B', 'CD Mirandés'], 'Salvi Sánchez': ['Cádiz CF', 'Atlético Sanluqueño CF', 'CF Villanovense', 'RCD Espanyol Barcelona', 'Rayo Vallecano', 'Sevilla Atlético'], 'Antoniu Roca': ['RCD Espanyol B', 'RCD Espanyol Barcelona'], 'Alejo Veliz': ['CA Rosario Central', 'Tottenham Hotspur', 'RCD Espanyol Barcelona', 'Sevilla FC', 'Tottenham Hotspur U21'], 'Walid Cheddira': ['ACD Sangiustese', 'SSC Bari', 'Mantova 1911', 'Frosinone Calcio', 'SS Arezzo', 'RCD Espanyol Barcelona', 'SSC Napoli', 'Calcio Lecco 1912'], 'Irvin Cardona': ['Stade Brestois 29', 'Cercle Brugge', 'AS Saint-Étienne', 'AS Monaco U21', 'FC Augsburg', 'AS Monaco UEFA U19', 'AS Monaco', 'RCD Espanyol Barcelona', 'Stade Brest 29 B', 'AS Monaco U19', 'FC Augsburg II'], 'Omar Sadik': ['RCD Espanyol B', 'RCD Espanyol Barcelona']}"
Getafe CF,"{'David Soria': ['Getafe CF', 'Sevilla Atlético', 'Sevilla FC'], 'Jiri Letacek': ['FK Pardubice', 'FC Banik Ostrava', 'FK Pardubice B', 'FC Banik Ostrava B', 'Getafe CF'], 'Omar Alderete': ['Getafe CF', 'FC Basel 1893', 'Valencia CF', 'Club de Gimnasia y Esgrima La Plata', 'Hertha BSC', 'CA Huracán', 'Club Cerro Porteño'], 'Djené': ['Getafe CF', 'AD Alcorcón', 'Sint-Truidense VV', 'Coton Sport FC de Garoua'], 'Domingos Duarte': ['Granada CF', 'Sporting CP B', 'Getafe CF', 'Deportivo de La Coruña', 'GD Chaves', 'CF Os Belenenses', 'Sporting CP'], 'Juan Berrocal': ['Sevilla Atlético', 'SD Eibar', 'CD Mirandés', 'Sporting Gijón', 'Sevilla FC UEFA U19', 'Sevilla FC', 'Getafe CF'], 'Nabil Aberdin': ['Getafe CF B', 'Getafe CF', 'CF Rayo Majadahonda', 'México FC', 'Unionistas CF'], 'Diego Rico': ['Real Zaragoza', 'AFC Bournemouth', 'CD Leganés', 'Real Sociedad', 'Getafe CF', 'RZ Deportivo Aragón'], 'Fabrizio Angileri': ['CD Godoy Cruz Antonio Tomba', 'CA River Plate', 'Getafe CF'], 'Juan Iglesias': ['Getafe CF', 'UD Logroñés', 'Getafe CF B', 'Real Valladolid Promesas'], 'Mauro Arambarri': ['Getafe CF', 'Defensor Sporting Club', 'FC Girondins Bordeaux', 'FC Girondins Bordeaux B'], 'Luis Milla': ['CD Tenerife', 'Getafe CF', 'Granada CF', 'CF Fuenlabrada', 'Rayo Vallecano B', 'CD Guijuelo'], 'Carles Aleñá': ['Getafe CF', 'FC Barcelona Atlètic', 'FC Barcelona', 'Real Betis Balompié', 'FC Barcelona UEFA U19'], 'Yellu Santiago': ['Valencia Mestalla', 'Getafe CF', 'Valencia CF'], 'John Patrick': ['Getafe CF B', 'Getafe CF'], 'Chrisantus Uche': ['AD Ceuta FC', 'Getafe CF', 'Moralo CP'], 'Álex Sola': ['Real Sociedad B', 'Deportivo Alavés', 'CD Numancia', 'Real Sociedad', 'Getafe CF'], 'Peter Federico': ['Real Madrid Castilla', 'Valencia CF', 'Real Madrid UEFA U19', 'Getafe CF', 'Real Madrid'], 'Carles Pérez': ['AS Roma', 'Celta de Vigo', 'FC Barcelona Atlètic', 'FC Barcelona UEFA U19', 'FC Barcelona', 'Getafe CF'], 'Borja Mayoral': ['Getafe CF', 'Levante UD', 'AS Roma', 'Real Madrid Castilla', 'Real Madrid', 'VfL Wolfsburg', 'Real Madrid UEFA U19'], 'Bertuğ Yıldırım': ['Hatayspor', 'Sariyer', 'Stade Rennais FC', 'Antalyaspor', 'Getafe CF', 'Hatayspor U19'], 'Álvaro Rodríguez': ['Real Madrid Castilla', 'Real Madrid', 'Real Madrid UEFA U19']}"
CD Leganés,"{'Juan Soriano': ['CD Tenerife', 'Sevilla Atlético', 'CD Leganés', 'Málaga CF', 'Sevilla FC UEFA U19', 'Sevilla FC'], 'Marko Dmitrovic': ['SD Eibar', 'AD Alcorcón', 'Sevilla FC', 'Újpest FC', 'Charlton Athletic', 'Red Star Belgrade U19', 'CD Leganés'], 'Alvin Abajas': ['CD Leganés B', 'CD Leganés'], 'Jackson Porozo': ['Boavista FC', 'ESTAC Troyes', 'Kasimpasa', 'Olympiacos Piraeus', 'Boavista FC U23', 'CD Leganés'], 'Sergio González': ['CD Leganés', 'CD Mirandés', 'UD San Sebastián de los Reyes', 'Recreativo Huelva', 'AD Alcorcón'], 'Jorge Sáenz': ['CD Tenerife', 'CD Leganés', 'CD Mirandés', 'Celta de Vigo', 'CS Marítimo'], 'Matija Nastasic': ['FC Schalke 04', 'Manchester City', 'RCD Mallorca', 'ACF Fiorentina', 'FK Teleoptik Zemun', 'CD Leganés'], 'Javi Hernández': ['CD Leganés', 'Club Polideportivo El Ejido', 'Cádiz CF', 'Real Oviedo', 'Girona FC', 'Real Madrid Castilla', 'Real Oviedo Vetusta', 'Real Madrid UEFA U19', 'Real Madrid'], 'Enric Franquesa': ['CD Leganés', 'Villarreal CF B', 'Girona FC', 'Levante UD', 'CD Mirandés', 'CF Gavà', 'CE Sabadell FC', 'FC Barcelona UEFA U19', 'FC Barcelona Atlètic'], 'Valentin Rosier': ['Besiktas JK', 'Dijon FCO', 'Sporting CP', 'CD Leganés', 'OGC Nice', 'Sporting CP U23'], 'Adrià Altimira': ['FC Andorra', 'Villarreal CF B', 'UD Melilla', 'Villarreal CF', 'FC Barcelona UEFA U19', 'CD Leganés'], 'Renato Tapia': ['Celta de Vigo', 'Feyenoord Rotterdam', 'Twente Enschede FC', 'FC Twente Enschede U21', 'Willem II Tilburg', 'Feyenoord U21', 'CD Leganés'], 'Yvan Neyou': ['CD Leganés', 'AS Saint-Étienne', 'Stade Lavallois', 'CS Sedan-Ardennes', 'SC Braga B', 'AS Saint-Étienne B'], 'Julián Chicco': ['CD Leganés', 'CA Colón', 'CA Sarmiento (Junin)', 'CA Patronato', 'CA Boca Juniors'], 'Darko Brasanac': ['CA Osasuna', 'FK Partizan Belgrade', 'CD Leganés', 'FK Smederevo 1924', 'Deportivo Alavés', 'Real Betis Balompié'], 'Seydouba Cissé': ['CD Leganés', 'CD Leganés B', 'Vejle Boldklub Reserves', 'Odense Boldklub Reserves'], 'Óscar Rodríguez': ['CD Leganés', 'Getafe CF', 'Sevilla FC', 'Celta de Vigo', 'Real Madrid Castilla', 'Real Madrid UEFA U19', 'Real Madrid'], 'Roberto López': ['Real Sociedad B', 'CD Tenerife', 'CD Mirandés', 'Real Sociedad', 'CD Leganés'], 'Munir El Haddadi': ['Sevilla FC', 'FC Barcelona', 'UD Las Palmas', 'Deportivo Alavés', 'Valencia CF', 'Getafe CF', 'FC Barcelona Atlètic', 'FC Barcelona UEFA U19', 'CD Leganés'], 'Dani Raba': ['CD Leganés', 'Villarreal CF', 'Villarreal CF B', 'SD Huesca', 'Granada CF'], 'Juan Cruz': ['Betis Deportivo Balompié', 'Atlético Malagueño', 'CD Leganés', 'Real Betis Balompié', 'Málaga CF'], 'Naim García': ['CD Leganés', 'SD Ponferradina', 'FC Barcelona Atlètic'], 'Sébastien Haller': ['FC Utrecht', 'Eintracht Frankfurt', 'Ajax Amsterdam', 'AJ Auxerre', 'West Ham United', 'Borussia Dortmund', 'CD Leganés'], 'Miguel de la Fuente': ['Real Valladolid Promesas', 'CD Leganés', 'Deportivo Alavés', 'Real Valladolid CF'], 'Diego García': ['CD Leganés', 'CF Fuenlabrada', 'CD Leganés B']}"
Real Valladolid CF,"{'Karl Hein': ['Arsenal FC U21', 'FC Nomme United U17', 'Arsenal FC U18', 'Real Valladolid CF', 'Reading FC', 'FC Nomme United', 'Arsenal FC'], 'André Ferreira': ['SL Benfica B', 'FC Paços de Ferreira', 'Leixões SC', 'Granada CF', 'SL Benfica Youth League', 'CD Santa Clara', 'Desportivo Aves (- 2020)', 'Real Valladolid CF'], 'Álvaro Aceves': ['Real Valladolid Promesas', 'CD Eldense', 'Real Valladolid CF'], 'Cenk Özkacar': ['Valencia CF', 'Oud-Heverlee Leuven', 'Karacabey Belediye Spor', 'Altay SK', 'Real Valladolid CF', 'Olympique Lyon B', 'Olympique Lyon'], 'Eray Cömert': ['FC Basel 1893', 'FC Basel 1893 U18', 'Valencia CF', 'FC Nantes', 'FC Basel 1893 U21', 'FC Lugano', 'FC Sion', 'FC Basel 1893 UEFA U19', 'Real Valladolid CF', 'FC Basel 1893 U17'], 'Javi Sánchez': ['Real Valladolid CF', 'Real Madrid Castilla', 'Real Madrid UEFA U19', 'Real Madrid'], 'David Torres': ['Real Valladolid CF', 'Real Valladolid Promesas'], 'Luis Pérez': ['Real Valladolid CF', 'CD Tenerife', 'Real Jaén CF', 'Elche CF', 'Sevilla Atlético'], 'Lucas Rosa': ['Real Valladolid CF', 'Juventus Next Gen', 'Real Valladolid Promesas', 'Juventus Primavera', 'Juventus FC UEFA U19'], 'Stanko Juric': ['HNK Hajduk Split', 'Parma Calcio 1913', 'NK Dugopolje', 'Real Valladolid CF', 'HNK Hajduk Split II'], 'César de la Hoz': ['UD Almería', 'Betis Deportivo Balompié', 'Rayo Cantabria', 'Albacete Balompié', 'Barakaldo CF', 'Real Valladolid CF', 'Racing Santander'], 'Mario Martín': ['Real Madrid Castilla', 'Real Madrid', 'Real Madrid UEFA U19', 'Real Valladolid CF'], 'Kike Pérez': ['Real Valladolid CF', 'Real Valladolid Promesas', 'CCD Cerceda (- 2018)', 'Rayo Vallecano', 'Elche CF'], 'Víctor Meseguer': ['CD Mirandés', 'Real Valladolid CF', 'Real Murcia CF', 'Granada CF'], 'Selim Amallah': ['Standard Liège', 'Royal Excel Mouscron (-2022)', 'Royal Union Tubize-Braine', 'Valencia CF', 'Real Valladolid CF'], 'Anuar': ['Real Valladolid CF', 'Real Valladolid Promesas', 'APOEL Nicosia', 'Panathinaikos FC'], 'Chuki': ['Real Valladolid Promesas', 'Real Valladolid CF'], 'Raúl Moro': ['Lazio U20', 'Real Valladolid CF', 'SS Lazio', 'Real Oviedo', 'Ternana Calcio'], 'Darwin Machís': ['Granada CF', 'Recreativo Granada', 'SD Huesca', 'Cádiz CF', 'CD Leganés', 'Mineros de Guayana', 'Udinese Calcio', 'Real Valladolid CF', 'FC Juárez', 'Vitória Guimarães SC B', 'Vitória Guimarães SC', 'Hércules CF', 'FC Juárez U19'], 'Kenedy': ['Granada CF', 'Real Valladolid CF', 'Newcastle United', 'Fluminense Football Club', 'Chelsea FC', 'Getafe CF', 'CR Flamengo', 'Chelsea FC U21', 'Watford FC'], 'Amath Ndiaye': ['RCD Mallorca', 'Getafe CF', 'CD Tenerife', 'Real Valladolid CF', 'Atlético de Madrid UEFA U19'], 'Iván Sánchez': ['Elche CF', 'Real Valladolid CF', 'Atlético de Madrid B', 'Birmingham City', 'UD Almería B', 'UD Almería', 'Real Jaén CF', 'Albacete Balompié', 'Birmingham City U21'], 'Juanmi Latasa': ['Getafe CF', 'Real Madrid Castilla', 'Real Madrid UEFA U19', 'Real Valladolid CF', 'Real Madrid'], 'Marcos André': ['UD Logroñés', 'Valencia CF', 'CD Mirandés', 'Real Valladolid CF', 'Real Valladolid Promesas'], 'Mamadou Sylla': ['RCD Espanyol B', 'Girona FC', 'Deportivo Alavés', 'KAS Eupen', 'KAA Gent', 'Real Valladolid CF', 'RCD Espanyol Barcelona', 'Zulte Waregem', 'Rayo Vallecano', 'Sint-Truidense VV', 'Racing Santander', 'FC Orenburg']}"
